class_idx,FULL cleaned dataset (all records),TRAINING partition: known-drug split,TRAINING partition: cold split (cold0)
0,10,8,9
1,323,259,213
2,518,414,321
3,5011,4009,3571
4,309,247,219
5,3160,2528,1577
6,21,17,16
7,244,196,185
8,2109,1687,1472
9,629,503,410
10,312,251,224
11,238,190,135
12,45,37,33
13,361,289,208
14,201,161,163
15,5413,4331,3669
16,83,67,41
17,82,66,67
18,109,87,75
19,6140,4912,3907
20,428,342,262
21,94,76,80
22,56,44,27
23,180,144,112
24,716,572,422
25,7,5,4
26,936,748,456
27,11,9,1
28,324,260,124
29,616,492,458
30,14,12,11
31,1011,809,599
32,442,354,284
33,312,250,259
34,69,55,3
35,94,76,68
36,3089,2471,1789
37,33,27,22
38,148,118,118
39,300,240,176
40,14,12,11
41,6,4,4
42,11,9,0
43,13,11,10
44,33,27,29
45,26,20,19
46,34360,27488,21487
47,69,55,45
48,60748,48600,37811
49,26,20,23
50,83,67,59
51,10,8,5
52,336,268,212
53,1277,1021,789
54,118,94,96
55,33,27,27
56,664,532,443
57,1038,830,848
58,43,35,32
59,8397,6718,5221
60,498,398,324
61,11,9,1
62,34,28,27
63,803,641,646
64,32,26,25
65,128,102,96
66,930,744,505
67,278,222,220
68,280,223,217
69,7786,6228,4765
70,673,539,483
71,1825,1461,1135
72,23779,19011,14774
73,422,338,280
74,9470,7580,6768
75,558,446,342
76,538,430,410
77,28,22,24
78,27,21,22
79,64,51,44
80,108,86,66
81,355,283,254
82,1204,964,773
83,65,53,45
84,372,298,246
85,27,21,23
