panel,model,interval,left,right,n_pairs_mean,accuracy_mean,accuracy_sd
One unseen drug,XGBoost (ordered fp),0.00–0.30,0.0,0.3,5339.0,0.49458617612831407,0.019148668023534696
One unseen drug,XGBoost (ordered fp),0.30–0.40,0.3,0.4,5479.0,0.568494992792593,0.0392564548190219
One unseen drug,XGBoost (ordered fp),0.40–0.50,0.4,0.5,4354.333333333333,0.6444799231845167,0.06743631162257228
One unseen drug,XGBoost (ordered fp),0.50–0.60,0.5,0.6,5802.0,0.7498911476478763,0.024228142985095704
One unseen drug,XGBoost (ordered fp),0.60–0.70,0.6,0.7,4308.0,0.7512146536731571,0.046632367506079506
One unseen drug,XGBoost (ordered fp),0.70–0.80,0.7,0.8,5034.666666666667,0.7811443341756971,0.04230677910631696
One unseen drug,XGBoost (ordered fp),0.80–1.00,0.8,1.0,1635.0,0.7996914840441328,0.07979903725143471
One unseen drug,gnn unweighted,0.00–0.30,0.0,0.3,5339.0,0.4841466247332118,0.05188854834426462
One unseen drug,gnn unweighted,0.30–0.40,0.3,0.4,5479.0,0.6079173814459219,0.009497748096612503
One unseen drug,gnn unweighted,0.40–0.50,0.4,0.5,4354.333333333333,0.7126434315339544,0.0553047450883806
One unseen drug,gnn unweighted,0.50–0.60,0.5,0.6,5802.0,0.8117395806476787,0.033818737578624934
One unseen drug,gnn unweighted,0.60–0.70,0.6,0.7,4308.0,0.7793043571482631,0.048335169013441995
One unseen drug,gnn unweighted,0.70–0.80,0.7,0.8,5034.666666666667,0.8108964757210088,0.06336117414166274
One unseen drug,gnn unweighted,0.80–1.00,0.8,1.0,1635.0,0.8028111846410205,0.066548740147655
Two unseen drugs,XGBoost (ordered fp),0.00–0.30,0.0,0.3,614.6666666666666,0.3139881678424421,0.01734257671625052
Two unseen drugs,XGBoost (ordered fp),0.30–0.40,0.3,0.4,530.6666666666666,0.42221900420130504,0.059537064001244026
Two unseen drugs,XGBoost (ordered fp),0.40–0.50,0.4,0.5,342.3333333333333,0.4899424363861138,0.09864389667983393
Two unseen drugs,XGBoost (ordered fp),0.50–0.60,0.5,0.6,321.0,0.5934460966638174,0.07352870009658452
Two unseen drugs,XGBoost (ordered fp),0.60–1.00,0.6,1.0,247.0,0.6258395450388975,0.08536028630531513
Two unseen drugs,gnn unweighted,0.00–0.30,0.0,0.3,614.6666666666666,0.30548868082823827,0.03356849773208599
Two unseen drugs,gnn unweighted,0.30–0.40,0.3,0.4,530.6666666666666,0.4566171084148328,0.030380424172814186
Two unseen drugs,gnn unweighted,0.40–0.50,0.4,0.5,342.3333333333333,0.556893690521966,0.04975652808879737
Two unseen drugs,gnn unweighted,0.50–0.60,0.5,0.6,321.0,0.6342011549278662,0.0960774462599019
Two unseen drugs,gnn unweighted,0.60–1.00,0.6,1.0,247.0,0.6335079340819277,0.10474824562396633
