panel,model,interval,left,right,n_pairs_mean,macro_f1_supported_mean,macro_f1_supported_sd
One unseen drug,XGBoost (ordered fp),0.00–0.30,0.0,0.3,5339.0,0.3798267270027081,0.013715330454260644
One unseen drug,XGBoost (ordered fp),0.30–0.40,0.3,0.4,5479.0,0.465838306598948,0.03611467776909764
One unseen drug,XGBoost (ordered fp),0.40–0.50,0.4,0.5,4354.333333333333,0.6492921118725513,0.09432007368015959
One unseen drug,XGBoost (ordered fp),0.50–0.60,0.5,0.6,5802.0,0.7132224173865779,0.01912328564542051
One unseen drug,XGBoost (ordered fp),0.60–0.70,0.6,0.7,4308.0,0.7683700965071111,0.039045045954950085
One unseen drug,XGBoost (ordered fp),0.70–0.80,0.7,0.8,5034.666666666667,0.8234306856857424,0.07552653413278765
One unseen drug,XGBoost (ordered fp),0.80–1.00,0.8,1.0,1635.0,0.8511604369823592,0.00510708957138193
One unseen drug,gnn unweighted,0.00–0.30,0.0,0.3,5339.0,0.3856732361245248,0.02888641953033571
One unseen drug,gnn unweighted,0.30–0.40,0.3,0.4,5479.0,0.49117212563506135,0.0410146670966675
One unseen drug,gnn unweighted,0.40–0.50,0.4,0.5,4354.333333333333,0.6510036298601553,0.02283778789540362
One unseen drug,gnn unweighted,0.50–0.60,0.5,0.6,5802.0,0.7920604737176893,0.04289728415609007
One unseen drug,gnn unweighted,0.60–0.70,0.6,0.7,4308.0,0.756872508751615,0.05207050111839035
One unseen drug,gnn unweighted,0.70–0.80,0.7,0.8,5034.666666666667,0.8292046156756507,0.08236517443986753
One unseen drug,gnn unweighted,0.80–1.00,0.8,1.0,1635.0,0.8578105412170093,0.04376867704134583
Two unseen drugs,XGBoost (ordered fp),0.00–0.30,0.0,0.3,614.6666666666666,0.12438876239617531,0.05888697138692284
Two unseen drugs,XGBoost (ordered fp),0.30–0.40,0.3,0.4,530.6666666666666,0.17449340661647725,0.05556477013176989
Two unseen drugs,XGBoost (ordered fp),0.40–0.50,0.4,0.5,342.3333333333333,0.35070567876453623,0.06782427787937338
Two unseen drugs,XGBoost (ordered fp),0.50–0.60,0.5,0.6,321.0,0.41539077030878074,0.07079026301672885
Two unseen drugs,XGBoost (ordered fp),0.60–1.00,0.6,1.0,247.0,0.5312338590031384,0.0338944162271666
Two unseen drugs,gnn unweighted,0.00–0.30,0.0,0.3,614.6666666666666,0.12574998760125491,0.045117912029307934
Two unseen drugs,gnn unweighted,0.30–0.40,0.3,0.4,530.6666666666666,0.2805425935600962,0.06397324674298188
Two unseen drugs,gnn unweighted,0.40–0.50,0.4,0.5,342.3333333333333,0.39700826965744057,0.03895203463929655
Two unseen drugs,gnn unweighted,0.50–0.60,0.5,0.6,321.0,0.5188312116202046,0.07384116418294191
Two unseen drugs,gnn unweighted,0.60–1.00,0.6,1.0,247.0,0.6022544267146414,0.009828533121119
