protocol,test_set,similarity_measure,scheme,split,stage,bin,left,right,n_pairs
one-unseen-drug,one_unseen,heldout,fixed,cold0,initial,0,0.0,0.3,5083
one-unseen-drug,one_unseen,heldout,fixed,cold0,initial,1,0.3,0.4,5229
one-unseen-drug,one_unseen,heldout,fixed,cold0,initial,2,0.4,0.5,4066
one-unseen-drug,one_unseen,heldout,fixed,cold0,initial,3,0.5,0.6,6033
one-unseen-drug,one_unseen,heldout,fixed,cold0,initial,4,0.6,0.7,4779
one-unseen-drug,one_unseen,heldout,fixed,cold0,initial,5,0.7,0.8,4775
one-unseen-drug,one_unseen,heldout,fixed,cold0,initial,6,0.8,1.0,2228
one-unseen-drug,one_unseen,heldout,fixed,cold1,initial,0,0.0,0.3,7180
one-unseen-drug,one_unseen,heldout,fixed,cold1,initial,1,0.3,0.4,3904
one-unseen-drug,one_unseen,heldout,fixed,cold1,initial,2,0.4,0.5,3929
one-unseen-drug,one_unseen,heldout,fixed,cold1,initial,3,0.5,0.6,6707
one-unseen-drug,one_unseen,heldout,fixed,cold1,initial,4,0.6,0.7,4239
one-unseen-drug,one_unseen,heldout,fixed,cold1,initial,5,0.7,0.8,5259
one-unseen-drug,one_unseen,heldout,fixed,cold1,initial,6,0.8,1.0,944
one-unseen-drug,one_unseen,heldout,fixed,cold2,initial,0,0.0,0.3,3754
one-unseen-drug,one_unseen,heldout,fixed,cold2,initial,1,0.3,0.4,7304
one-unseen-drug,one_unseen,heldout,fixed,cold2,initial,2,0.4,0.5,5068
one-unseen-drug,one_unseen,heldout,fixed,cold2,initial,3,0.5,0.6,4666
one-unseen-drug,one_unseen,heldout,fixed,cold2,initial,4,0.6,0.7,3906
one-unseen-drug,one_unseen,heldout,fixed,cold2,initial,5,0.7,0.8,5070
one-unseen-drug,one_unseen,heldout,fixed,cold2,initial,6,0.8,1.0,1733
one-unseen-drug,one_unseen,heldout,fixed,cold0,merged,0,0.0,0.3,5083
one-unseen-drug,one_unseen,heldout,fixed,cold0,merged,1,0.3,0.4,5229
one-unseen-drug,one_unseen,heldout,fixed,cold0,merged,2,0.4,0.5,4066
one-unseen-drug,one_unseen,heldout,fixed,cold0,merged,3,0.5,0.6,6033
one-unseen-drug,one_unseen,heldout,fixed,cold0,merged,4,0.6,0.7,4779
one-unseen-drug,one_unseen,heldout,fixed,cold0,merged,5,0.7,0.8,4775
one-unseen-drug,one_unseen,heldout,fixed,cold0,merged,6,0.8,1.0,2228
one-unseen-drug,one_unseen,heldout,fixed,cold1,merged,0,0.0,0.3,7180
one-unseen-drug,one_unseen,heldout,fixed,cold1,merged,1,0.3,0.4,3904
one-unseen-drug,one_unseen,heldout,fixed,cold1,merged,2,0.4,0.5,3929
one-unseen-drug,one_unseen,heldout,fixed,cold1,merged,3,0.5,0.6,6707
one-unseen-drug,one_unseen,heldout,fixed,cold1,merged,4,0.6,0.7,4239
one-unseen-drug,one_unseen,heldout,fixed,cold1,merged,5,0.7,0.8,5259
one-unseen-drug,one_unseen,heldout,fixed,cold1,merged,6,0.8,1.0,944
one-unseen-drug,one_unseen,heldout,fixed,cold2,merged,0,0.0,0.3,3754
one-unseen-drug,one_unseen,heldout,fixed,cold2,merged,1,0.3,0.4,7304
one-unseen-drug,one_unseen,heldout,fixed,cold2,merged,2,0.4,0.5,5068
one-unseen-drug,one_unseen,heldout,fixed,cold2,merged,3,0.5,0.6,4666
one-unseen-drug,one_unseen,heldout,fixed,cold2,merged,4,0.6,0.7,3906
one-unseen-drug,one_unseen,heldout,fixed,cold2,merged,5,0.7,0.8,5070
one-unseen-drug,one_unseen,heldout,fixed,cold2,merged,6,0.8,1.0,1733
one-unseen-drug,one_unseen,heldout,validation_quartile,cold0,initial,0,0.0,0.3333333432674408,6932
one-unseen-drug,one_unseen,heldout,validation_quartile,cold0,initial,1,0.3333333432674408,0.5,7446
one-unseen-drug,one_unseen,heldout,validation_quartile,cold0,initial,2,0.5,0.6666666865348816,8394
one-unseen-drug,one_unseen,heldout,validation_quartile,cold0,initial,3,0.6666666865348816,1.0,9421
one-unseen-drug,one_unseen,heldout,validation_quartile,cold1,initial,0,0.0,0.3333333432674408,8093
one-unseen-drug,one_unseen,heldout,validation_quartile,cold1,initial,1,0.3333333432674408,0.5,6920
one-unseen-drug,one_unseen,heldout,validation_quartile,cold1,initial,2,0.5,0.6666666865348816,9773
one-unseen-drug,one_unseen,heldout,validation_quartile,cold1,initial,3,0.6666666865348816,1.0,7376
one-unseen-drug,one_unseen,heldout,validation_quartile,cold2,initial,0,0.0,0.3333333432674408,7324
one-unseen-drug,one_unseen,heldout,validation_quartile,cold2,initial,1,0.3333333432674408,0.5,8802
one-unseen-drug,one_unseen,heldout,validation_quartile,cold2,initial,2,0.5,0.6666666865348816,7381
one-unseen-drug,one_unseen,heldout,validation_quartile,cold2,initial,3,0.6666666865348816,1.0,7994
one-unseen-drug,one_unseen,heldout,validation_quartile,cold0,merged,0,0.0,0.3333333432674408,6932
one-unseen-drug,one_unseen,heldout,validation_quartile,cold0,merged,1,0.3333333432674408,0.5,7446
one-unseen-drug,one_unseen,heldout,validation_quartile,cold0,merged,2,0.5,0.6666666865348816,8394
one-unseen-drug,one_unseen,heldout,validation_quartile,cold0,merged,3,0.6666666865348816,1.0,9421
one-unseen-drug,one_unseen,heldout,validation_quartile,cold1,merged,0,0.0,0.3333333432674408,8093
one-unseen-drug,one_unseen,heldout,validation_quartile,cold1,merged,1,0.3333333432674408,0.5,6920
one-unseen-drug,one_unseen,heldout,validation_quartile,cold1,merged,2,0.5,0.6666666865348816,9773
one-unseen-drug,one_unseen,heldout,validation_quartile,cold1,merged,3,0.6666666865348816,1.0,7376
one-unseen-drug,one_unseen,heldout,validation_quartile,cold2,merged,0,0.0,0.3333333432674408,7324
one-unseen-drug,one_unseen,heldout,validation_quartile,cold2,merged,1,0.3333333432674408,0.5,8802
one-unseen-drug,one_unseen,heldout,validation_quartile,cold2,merged,2,0.5,0.6666666865348816,7381
one-unseen-drug,one_unseen,heldout,validation_quartile,cold2,merged,3,0.6666666865348816,1.0,7994
two-unseen-drug,two_unseen,sim_min,fixed,cold0,initial,0,0.0,0.3,569
two-unseen-drug,two_unseen,sim_min,fixed,cold0,initial,1,0.3,0.4,539
two-unseen-drug,two_unseen,sim_min,fixed,cold0,initial,2,0.4,0.5,335
two-unseen-drug,two_unseen,sim_min,fixed,cold0,initial,3,0.5,0.6,355
two-unseen-drug,two_unseen,sim_min,fixed,cold0,initial,4,0.6,0.7,180
two-unseen-drug,two_unseen,sim_min,fixed,cold0,initial,5,0.7,0.8,84
two-unseen-drug,two_unseen,sim_min,fixed,cold0,initial,6,0.8,1.0,9
two-unseen-drug,two_unseen,sim_min,fixed,cold1,initial,0,0.0,0.3,818
two-unseen-drug,two_unseen,sim_min,fixed,cold1,initial,1,0.3,0.4,375
two-unseen-drug,two_unseen,sim_min,fixed,cold1,initial,2,0.4,0.5,307
two-unseen-drug,two_unseen,sim_min,fixed,cold1,initial,3,0.5,0.6,372
two-unseen-drug,two_unseen,sim_min,fixed,cold1,initial,4,0.6,0.7,164
two-unseen-drug,two_unseen,sim_min,fixed,cold1,initial,5,0.7,0.8,88
two-unseen-drug,two_unseen,sim_min,fixed,cold1,initial,6,0.8,1.0,2
two-unseen-drug,two_unseen,sim_min,fixed,cold2,initial,0,0.0,0.3,457
two-unseen-drug,two_unseen,sim_min,fixed,cold2,initial,1,0.3,0.4,678
two-unseen-drug,two_unseen,sim_min,fixed,cold2,initial,2,0.4,0.5,385
two-unseen-drug,two_unseen,sim_min,fixed,cold2,initial,3,0.5,0.6,236
two-unseen-drug,two_unseen,sim_min,fixed,cold2,initial,4,0.6,0.7,129
two-unseen-drug,two_unseen,sim_min,fixed,cold2,initial,5,0.7,0.8,80
two-unseen-drug,two_unseen,sim_min,fixed,cold2,initial,6,0.8,1.0,5
two-unseen-drug,two_unseen,sim_min,fixed,cold0,merged,0,0.0,0.3,569
two-unseen-drug,two_unseen,sim_min,fixed,cold0,merged,1,0.3,0.4,539
two-unseen-drug,two_unseen,sim_min,fixed,cold0,merged,2,0.4,0.5,335
two-unseen-drug,two_unseen,sim_min,fixed,cold0,merged,3,0.5,0.6,355
two-unseen-drug,two_unseen,sim_min,fixed,cold0,merged,4,0.6,1.0,273
two-unseen-drug,two_unseen,sim_min,fixed,cold1,merged,0,0.0,0.3,818
two-unseen-drug,two_unseen,sim_min,fixed,cold1,merged,1,0.3,0.4,375
two-unseen-drug,two_unseen,sim_min,fixed,cold1,merged,2,0.4,0.5,307
two-unseen-drug,two_unseen,sim_min,fixed,cold1,merged,3,0.5,0.6,372
two-unseen-drug,two_unseen,sim_min,fixed,cold1,merged,4,0.6,1.0,254
two-unseen-drug,two_unseen,sim_min,fixed,cold2,merged,0,0.0,0.3,457
two-unseen-drug,two_unseen,sim_min,fixed,cold2,merged,1,0.3,0.4,678
two-unseen-drug,two_unseen,sim_min,fixed,cold2,merged,2,0.4,0.5,385
two-unseen-drug,two_unseen,sim_min,fixed,cold2,merged,3,0.5,0.6,236
two-unseen-drug,two_unseen,sim_min,fixed,cold2,merged,4,0.6,1.0,214
two-unseen-drug,two_unseen,sim_min,validation_quartile,cold0,initial,0,0.0,0.3333333432674408,765
two-unseen-drug,two_unseen,sim_min,validation_quartile,cold0,initial,1,0.3333333432674408,0.5,678
two-unseen-drug,two_unseen,sim_min,validation_quartile,cold0,initial,2,0.5,0.6666666865348816,462
two-unseen-drug,two_unseen,sim_min,validation_quartile,cold0,initial,3,0.6666666865348816,1.0,166
two-unseen-drug,two_unseen,sim_min,validation_quartile,cold1,initial,0,0.0,0.3333333432674408,915
two-unseen-drug,two_unseen,sim_min,validation_quartile,cold1,initial,1,0.3333333432674408,0.5,585
two-unseen-drug,two_unseen,sim_min,validation_quartile,cold1,initial,2,0.5,0.6666666865348816,497
two-unseen-drug,two_unseen,sim_min,validation_quartile,cold1,initial,3,0.6666666865348816,1.0,129
two-unseen-drug,two_unseen,sim_min,validation_quartile,cold2,initial,0,0.0,0.3333333432674408,813
two-unseen-drug,two_unseen,sim_min,validation_quartile,cold2,initial,1,0.3333333432674408,0.5,707
two-unseen-drug,two_unseen,sim_min,validation_quartile,cold2,initial,2,0.5,0.6666666865348816,338
two-unseen-drug,two_unseen,sim_min,validation_quartile,cold2,initial,3,0.6666666865348816,1.0,112
two-unseen-drug,two_unseen,sim_min,validation_quartile,cold0,merged,0,0.0,0.3333333432674408,765
two-unseen-drug,two_unseen,sim_min,validation_quartile,cold0,merged,1,0.3333333432674408,0.5,678
two-unseen-drug,two_unseen,sim_min,validation_quartile,cold0,merged,2,0.5,0.6666666865348816,462
two-unseen-drug,two_unseen,sim_min,validation_quartile,cold0,merged,3,0.6666666865348816,1.0,166
two-unseen-drug,two_unseen,sim_min,validation_quartile,cold1,merged,0,0.0,0.3333333432674408,915
two-unseen-drug,two_unseen,sim_min,validation_quartile,cold1,merged,1,0.3333333432674408,0.5,585
two-unseen-drug,two_unseen,sim_min,validation_quartile,cold1,merged,2,0.5,0.6666666865348816,497
two-unseen-drug,two_unseen,sim_min,validation_quartile,cold1,merged,3,0.6666666865348816,1.0,129
two-unseen-drug,two_unseen,sim_min,validation_quartile,cold2,merged,0,0.0,0.3333333432674408,813
two-unseen-drug,two_unseen,sim_min,validation_quartile,cold2,merged,1,0.3333333432674408,0.5,707
two-unseen-drug,two_unseen,sim_min,validation_quartile,cold2,merged,2,0.5,0.6666666865348816,338
two-unseen-drug,two_unseen,sim_min,validation_quartile,cold2,merged,3,0.6666666865348816,1.0,112
two-unseen-drug,two_unseen,sim_mean,fixed,cold0,initial,0,0.0,0.3,100
two-unseen-drug,two_unseen,sim_mean,fixed,cold0,initial,1,0.3,0.4,278
two-unseen-drug,two_unseen,sim_mean,fixed,cold0,initial,2,0.4,0.5,519
two-unseen-drug,two_unseen,sim_mean,fixed,cold0,initial,3,0.5,0.6,595
two-unseen-drug,two_unseen,sim_mean,fixed,cold0,initial,4,0.6,0.7,375
two-unseen-drug,two_unseen,sim_mean,fixed,cold0,initial,5,0.7,0.8,170
two-unseen-drug,two_unseen,sim_mean,fixed,cold0,initial,6,0.8,1.0,34
two-unseen-drug,two_unseen,sim_mean,fixed,cold1,initial,0,0.0,0.3,139
two-unseen-drug,two_unseen,sim_mean,fixed,cold1,initial,1,0.3,0.4,339
two-unseen-drug,two_unseen,sim_mean,fixed,cold1,initial,2,0.4,0.5,546
two-unseen-drug,two_unseen,sim_mean,fixed,cold1,initial,3,0.5,0.6,559
two-unseen-drug,two_unseen,sim_mean,fixed,cold1,initial,4,0.6,0.7,392
two-unseen-drug,two_unseen,sim_mean,fixed,cold1,initial,5,0.7,0.8,137
two-unseen-drug,two_unseen,sim_mean,fixed,cold1,initial,6,0.8,1.0,14
two-unseen-drug,two_unseen,sim_mean,fixed,cold2,initial,0,0.0,0.3,97
two-unseen-drug,two_unseen,sim_mean,fixed,cold2,initial,1,0.3,0.4,390
two-unseen-drug,two_unseen,sim_mean,fixed,cold2,initial,2,0.4,0.5,466
two-unseen-drug,two_unseen,sim_mean,fixed,cold2,initial,3,0.5,0.6,552
two-unseen-drug,two_unseen,sim_mean,fixed,cold2,initial,4,0.6,0.7,315
two-unseen-drug,two_unseen,sim_mean,fixed,cold2,initial,5,0.7,0.8,133
two-unseen-drug,two_unseen,sim_mean,fixed,cold2,initial,6,0.8,1.0,17
two-unseen-drug,two_unseen,sim_mean,fixed,cold0,merged,0,0.0,0.4,378
two-unseen-drug,two_unseen,sim_mean,fixed,cold0,merged,1,0.4,0.5,519
two-unseen-drug,two_unseen,sim_mean,fixed,cold0,merged,2,0.5,0.6,595
two-unseen-drug,two_unseen,sim_mean,fixed,cold0,merged,3,0.6,0.7,375
two-unseen-drug,two_unseen,sim_mean,fixed,cold0,merged,4,0.7,1.0,204
two-unseen-drug,two_unseen,sim_mean,fixed,cold1,merged,0,0.0,0.4,478
two-unseen-drug,two_unseen,sim_mean,fixed,cold1,merged,1,0.4,0.5,546
two-unseen-drug,two_unseen,sim_mean,fixed,cold1,merged,2,0.5,0.6,559
two-unseen-drug,two_unseen,sim_mean,fixed,cold1,merged,3,0.6,0.7,392
two-unseen-drug,two_unseen,sim_mean,fixed,cold1,merged,4,0.7,1.0,151
two-unseen-drug,two_unseen,sim_mean,fixed,cold2,merged,0,0.0,0.4,487
two-unseen-drug,two_unseen,sim_mean,fixed,cold2,merged,1,0.4,0.5,466
two-unseen-drug,two_unseen,sim_mean,fixed,cold2,merged,2,0.5,0.6,552
two-unseen-drug,two_unseen,sim_mean,fixed,cold2,merged,3,0.6,0.7,315
two-unseen-drug,two_unseen,sim_mean,fixed,cold2,merged,4,0.7,1.0,150
two-unseen-drug,two_unseen,sim_mean,validation_quartile,cold0,initial,0,0.0,0.3333333432674408,175
two-unseen-drug,two_unseen,sim_mean,validation_quartile,cold0,initial,1,0.3333333432674408,0.5,722
two-unseen-drug,two_unseen,sim_mean,validation_quartile,cold0,initial,2,0.5,0.6666666865348816,862
two-unseen-drug,two_unseen,sim_mean,validation_quartile,cold0,initial,3,0.6666666865348816,1.0,312
two-unseen-drug,two_unseen,sim_mean,validation_quartile,cold1,initial,0,0.0,0.3333333432674408,228
two-unseen-drug,two_unseen,sim_mean,validation_quartile,cold1,initial,1,0.3333333432674408,0.5,796
two-unseen-drug,two_unseen,sim_mean,validation_quartile,cold1,initial,2,0.5,0.6666666865348816,864
two-unseen-drug,two_unseen,sim_mean,validation_quartile,cold1,initial,3,0.6666666865348816,1.0,238
two-unseen-drug,two_unseen,sim_mean,validation_quartile,cold2,initial,0,0.0,0.3333333432674408,198
two-unseen-drug,two_unseen,sim_mean,validation_quartile,cold2,initial,1,0.3333333432674408,0.5,755
two-unseen-drug,two_unseen,sim_mean,validation_quartile,cold2,initial,2,0.5,0.6666666865348816,784
two-unseen-drug,two_unseen,sim_mean,validation_quartile,cold2,initial,3,0.6666666865348816,1.0,233
two-unseen-drug,two_unseen,sim_mean,validation_quartile,cold0,merged,0,0.0,0.3333333432674408,175
two-unseen-drug,two_unseen,sim_mean,validation_quartile,cold0,merged,1,0.3333333432674408,0.5,722
two-unseen-drug,two_unseen,sim_mean,validation_quartile,cold0,merged,2,0.5,0.6666666865348816,862
two-unseen-drug,two_unseen,sim_mean,validation_quartile,cold0,merged,3,0.6666666865348816,1.0,312
two-unseen-drug,two_unseen,sim_mean,validation_quartile,cold1,merged,0,0.0,0.3333333432674408,228
two-unseen-drug,two_unseen,sim_mean,validation_quartile,cold1,merged,1,0.3333333432674408,0.5,796
two-unseen-drug,two_unseen,sim_mean,validation_quartile,cold1,merged,2,0.5,0.6666666865348816,864
two-unseen-drug,two_unseen,sim_mean,validation_quartile,cold1,merged,3,0.6666666865348816,1.0,238
two-unseen-drug,two_unseen,sim_mean,validation_quartile,cold2,merged,0,0.0,0.3333333432674408,198
two-unseen-drug,two_unseen,sim_mean,validation_quartile,cold2,merged,1,0.3333333432674408,0.5,755
two-unseen-drug,two_unseen,sim_mean,validation_quartile,cold2,merged,2,0.5,0.6666666865348816,784
two-unseen-drug,two_unseen,sim_mean,validation_quartile,cold2,merged,3,0.6666666865348816,1.0,233
