protocol,test_set,similarity_measure,scheme,bin,left,right,interval,split,n_partitions,metric,observed_diff_nn_minus_xgb,ci95_low,ci95_high,interval_includes_zero,held_out_groups,repeats
one-unseen-drug,one_unseen,heldout,fixed,0,0.0,0.3,0.00–0.30,cold0,1,macro_f1_all,0.002412685614304827,-0.02775970135182576,0.04198016489254146,True,27,1000
one-unseen-drug,one_unseen,heldout,fixed,0,0.0,0.3,0.00–0.30,cold0,1,macro_f1_supported,0.004940261019767023,-0.0568412932442147,0.0859593852561563,True,27,1000
one-unseen-drug,one_unseen,heldout,fixed,0,0.0,0.3,0.00–0.30,cold0,1,accuracy,-0.02852646075152469,-0.09615532641227086,0.0575129477001816,True,27,1000
one-unseen-drug,one_unseen,heldout,fixed,0,0.0,0.3,0.00–0.30,cold1,1,macro_f1_all,-0.005481326863329777,-0.04552748062886533,0.020354021182163937,True,32,1000
one-unseen-drug,one_unseen,heldout,fixed,0,0.0,0.3,0.00–0.30,cold1,1,macro_f1_supported,-0.009620287964211438,-0.07990537416494728,0.03572338411563463,True,32,1000
one-unseen-drug,one_unseen,heldout,fixed,0,0.0,0.3,0.00–0.30,cold1,1,accuracy,-0.033426183844011144,-0.07475455400702398,0.010121882296080038,True,32,1000
one-unseen-drug,one_unseen,heldout,fixed,0,0.0,0.3,0.00–0.30,cold2,1,macro_f1_all,0.009559575691466204,-0.01645979326789742,0.033739079550371864,True,29,1000
one-unseen-drug,one_unseen,heldout,fixed,0,0.0,0.3,0.00–0.30,cold2,1,macro_f1_supported,0.02221955430989453,-0.03825789786592375,0.07842056327924268,True,29,1000
one-unseen-drug,one_unseen,heldout,fixed,0,0.0,0.3,0.00–0.30,cold2,1,accuracy,0.03063399041022909,-0.09152940567502824,0.17756793722110392,True,29,1000
one-unseen-drug,one_unseen,heldout,fixed,0,0.0,0.3,0.00–0.30,pooled_cold,3,macro_f1_all,0.0021636448141470845,-0.019040349323089407,0.020346662835337304,True,81,1000
one-unseen-drug,one_unseen,heldout,fixed,0,0.0,0.3,0.00–0.30,pooled_cold,3,macro_f1_supported,0.005846509121816705,-0.03556812548695635,0.042322172840162486,True,81,1000
one-unseen-drug,one_unseen,heldout,fixed,0,0.0,0.3,0.00–0.30,pooled_cold,3,accuracy,-0.010439551395102248,-0.06290970309809606,0.05333088167521041,True,81,1000
one-unseen-drug,one_unseen,heldout,fixed,1,0.3,0.4,0.30–0.40,cold0,1,macro_f1_all,0.03191767275354862,-0.019052355867451194,0.07273982756537642,True,31,1000
one-unseen-drug,one_unseen,heldout,fixed,1,0.3,0.4,0.30–0.40,cold0,1,macro_f1_supported,0.04288937276258098,-0.025601603196887486,0.09774414329097451,True,31,1000
one-unseen-drug,one_unseen,heldout,fixed,1,0.3,0.4,0.30–0.40,cold0,1,accuracy,0.07458405048766495,0.018498817103386463,0.14023648403752123,False,31,1000
one-unseen-drug,one_unseen,heldout,fixed,1,0.3,0.4,0.30–0.40,cold1,1,macro_f1_all,0.02925936011614927,-0.030170807647479227,0.05735574862319039,True,25,1000
one-unseen-drug,one_unseen,heldout,fixed,1,0.3,0.4,0.30–0.40,cold1,1,macro_f1_supported,0.05353840361678375,-0.05520615867411095,0.1049488166296675,True,25,1000
one-unseen-drug,one_unseen,heldout,fixed,1,0.3,0.4,0.30–0.40,cold1,1,accuracy,0.0117827868852459,-0.11128941120623023,0.10602156697101275,True,25,1000
one-unseen-drug,one_unseen,heldout,fixed,1,0.3,0.4,0.30–0.40,cold2,1,macro_f1_all,-0.011638251677676847,-0.034170367892340736,0.017196226117954898,True,36,1000
one-unseen-drug,one_unseen,heldout,fixed,1,0.3,0.4,0.30–0.40,cold2,1,macro_f1_supported,-0.02042631927102473,-0.05997248242329191,0.030181131553961724,True,36,1000
one-unseen-drug,one_unseen,heldout,fixed,1,0.3,0.4,0.30–0.40,cold2,1,accuracy,0.031900328587075574,-0.013735383903712648,0.08969118969252643,True,36,1000
one-unseen-drug,one_unseen,heldout,fixed,1,0.3,0.4,0.30–0.40,pooled_cold,3,macro_f1_all,0.016512927064007015,-0.01086794724351087,0.034937874924260766,True,86,1000
one-unseen-drug,one_unseen,heldout,fixed,1,0.3,0.4,0.30–0.40,pooled_cold,3,macro_f1_supported,0.02533381903611333,-0.019859494495639732,0.05362325757357318,True,86,1000
one-unseen-drug,one_unseen,heldout,fixed,1,0.3,0.4,0.30–0.40,pooled_cold,3,accuracy,0.0394223886533288,-0.004556689951882671,0.08125349638512146,True,86,1000
one-unseen-drug,one_unseen,heldout,fixed,2,0.4,0.5,0.40–0.50,cold0,1,macro_f1_all,-0.00831980786025821,-0.045654366921598834,0.04539297952826345,True,25,1000
one-unseen-drug,one_unseen,heldout,fixed,2,0.4,0.5,0.40–0.50,cold0,1,macro_f1_supported,-0.012776847785396672,-0.07011206348674105,0.0697106471326903,True,25,1000
one-unseen-drug,one_unseen,heldout,fixed,2,0.4,0.5,0.40–0.50,cold0,1,accuracy,0.0912444663059518,-0.05936206021708289,0.23385263029429879,True,25,1000
one-unseen-drug,one_unseen,heldout,fixed,2,0.4,0.5,0.40–0.50,cold1,1,macro_f1_all,-0.03238614017303648,-0.04661567915362281,0.004392237258677178,True,19,1000
one-unseen-drug,one_unseen,heldout,fixed,2,0.4,0.5,0.40–0.50,cold1,1,macro_f1_supported,-0.06330018306548035,-0.09111246380026278,0.008584827369232672,True,19,1000
one-unseen-drug,one_unseen,heldout,fixed,2,0.4,0.5,0.40–0.50,cold1,1,accuracy,0.02188852125222703,-0.07461111947193795,0.11264164414235792,True,19,1000
one-unseen-drug,one_unseen,heldout,fixed,2,0.4,0.5,0.40–0.50,cold2,1,macro_f1_all,0.04627171692872972,0.0018383173740131474,0.0792946507151562,False,20,1000
one-unseen-drug,one_unseen,heldout,fixed,2,0.4,0.5,0.40–0.50,cold2,1,macro_f1_supported,0.08121158481368884,0.0032264345747987093,0.13917020329598837,False,20,1000
one-unseen-drug,one_unseen,heldout,fixed,2,0.4,0.5,0.40–0.50,cold2,1,accuracy,0.09135753749013417,0.0028503660885130285,0.18945483293208554,False,20,1000
one-unseen-drug,one_unseen,heldout,fixed,2,0.4,0.5,0.40–0.50,pooled_cold,3,macro_f1_all,0.0018552562984783434,-0.016936942409753245,0.027304523790339354,True,60,1000
one-unseen-drug,one_unseen,heldout,fixed,2,0.4,0.5,0.40–0.50,pooled_cold,3,macro_f1_supported,0.0017115179876039388,-0.02980109246561583,0.04533155821732402,True,60,1000
one-unseen-drug,one_unseen,heldout,fixed,2,0.4,0.5,0.40–0.50,pooled_cold,3,accuracy,0.06816350834943767,-0.004924663306892768,0.14557418121252402,True,60,1000
one-unseen-drug,one_unseen,heldout,fixed,3,0.5,0.6,0.50–0.60,cold0,1,macro_f1_all,0.04851007927771939,0.0008911387757385607,0.07836088356135451,False,28,1000
one-unseen-drug,one_unseen,heldout,fixed,3,0.5,0.6,0.50–0.60,cold0,1,macro_f1_supported,0.0772567929237753,0.0014192210132132291,0.12479696270882389,False,28,1000
one-unseen-drug,one_unseen,heldout,fixed,3,0.5,0.6,0.50–0.60,cold0,1,accuracy,0.04939499419857451,0.013140509599727082,0.09045420412226204,False,28,1000
one-unseen-drug,one_unseen,heldout,fixed,3,0.5,0.6,0.50–0.60,cold1,1,macro_f1_all,0.03290930032191386,0.0005774393527364852,0.05242955871055347,False,32,1000
one-unseen-drug,one_unseen,heldout,fixed,3,0.5,0.6,0.50–0.60,cold1,1,macro_f1_supported,0.04639671848663285,0.000814094825169504,0.07391708277225582,False,32,1000
one-unseen-drug,one_unseen,heldout,fixed,3,0.5,0.6,0.50–0.60,cold1,1,accuracy,0.06306843596242731,0.010426556393385956,0.12227950066570852,False,32,1000
one-unseen-drug,one_unseen,heldout,fixed,3,0.5,0.6,0.50–0.60,cold2,1,macro_f1_all,0.07349066075167254,0.011019084892209222,0.10032555359297476,False,27,1000
one-unseen-drug,one_unseen,heldout,fixed,3,0.5,0.6,0.50–0.60,cold2,1,macro_f1_supported,0.11286065758292596,0.016922166084464167,0.15407138587492544,False,27,1000
one-unseen-drug,one_unseen,heldout,fixed,3,0.5,0.6,0.50–0.60,cold2,1,accuracy,0.07308186883840549,0.009024765786870888,0.13718727697129085,False,27,1000
one-unseen-drug,one_unseen,heldout,fixed,3,0.5,0.6,0.50–0.60,pooled_cold,3,macro_f1_all,0.05163668011710193,0.017268050099592275,0.062478631272107434,False,80,1000
one-unseen-drug,one_unseen,heldout,fixed,3,0.5,0.6,0.50–0.60,pooled_cold,3,macro_f1_supported,0.07883805633111136,0.026162384437977085,0.0957822954178302,False,80,1000
one-unseen-drug,one_unseen,heldout,fixed,3,0.5,0.6,0.50–0.60,pooled_cold,3,accuracy,0.06184843299980244,0.03216584845068923,0.09530578985617724,False,80,1000
one-unseen-drug,one_unseen,heldout,fixed,4,0.6,0.7,0.60–0.70,cold0,1,macro_f1_all,0.004543999248872832,-0.013123517320605457,0.032865356098763836,True,22,1000
one-unseen-drug,one_unseen,heldout,fixed,4,0.6,0.7,0.60–0.70,cold0,1,macro_f1_supported,0.007662430105942586,-0.0221298527367072,0.055420012244974365,True,22,1000
one-unseen-drug,one_unseen,heldout,fixed,4,0.6,0.7,0.60–0.70,cold0,1,accuracy,0.015484410964636954,-0.03672800839469871,0.05878933399237452,True,22,1000
one-unseen-drug,one_unseen,heldout,fixed,4,0.6,0.7,0.60–0.70,cold1,1,macro_f1_all,-0.0026847630476287687,-0.02411609548392261,0.023697363008894943,True,29,1000
one-unseen-drug,one_unseen,heldout,fixed,4,0.6,0.7,0.60–0.70,cold1,1,macro_f1_supported,-0.004123028966001585,-0.037035432350309816,0.036392378906517274,True,29,1000
one-unseen-drug,one_unseen,heldout,fixed,4,0.6,0.7,0.60–0.70,cold1,1,accuracy,0.025005897617362584,-0.031310857910542236,0.08644808113170142,True,29,1000
one-unseen-drug,one_unseen,heldout,fixed,4,0.6,0.7,0.60–0.70,cold2,1,macro_f1_all,-0.023438426901636222,-0.03977559963068876,0.021039229465343343,True,25,1000
one-unseen-drug,one_unseen,heldout,fixed,4,0.6,0.7,0.60–0.70,cold2,1,macro_f1_supported,-0.03803216440642876,-0.0645415390233817,0.03413912705697218,True,25,1000
one-unseen-drug,one_unseen,heldout,fixed,4,0.6,0.7,0.60–0.70,cold2,1,accuracy,0.04377880184331797,-0.015417294591246904,0.12987061862535926,True,25,1000
one-unseen-drug,one_unseen,heldout,fixed,4,0.6,0.7,0.60–0.70,pooled_cold,3,macro_f1_all,-0.007193063566797386,-0.01591286448798424,0.015733157288644887,True,66,1000
one-unseen-drug,one_unseen,heldout,fixed,4,0.6,0.7,0.60–0.70,pooled_cold,3,macro_f1_supported,-0.01149758775549592,-0.025634870478717518,0.02563847879560466,True,66,1000
one-unseen-drug,one_unseen,heldout,fixed,4,0.6,0.7,0.60–0.70,pooled_cold,3,accuracy,0.028089703475105837,-0.008361888840644255,0.06631358538129105,True,66,1000
one-unseen-drug,one_unseen,heldout,fixed,5,0.7,0.8,0.70–0.80,cold0,1,macro_f1_all,-0.0001385192978065608,-0.030973818650379098,0.02348085988103571,True,21,1000
one-unseen-drug,one_unseen,heldout,fixed,5,0.7,0.8,0.70–0.80,cold0,1,macro_f1_supported,-0.0002127260644887441,-0.0475669357845107,0.03605989196016196,True,21,1000
one-unseen-drug,one_unseen,heldout,fixed,5,0.7,0.8,0.70–0.80,cold0,1,accuracy,0.0071204188481675396,-0.028615234867094986,0.04438624284408395,True,21,1000
one-unseen-drug,one_unseen,heldout,fixed,5,0.7,0.8,0.70–0.80,cold1,1,macro_f1_all,-0.0036500227335866664,-0.03043367995602209,0.01995767020901718,True,21,1000
one-unseen-drug,one_unseen,heldout,fixed,5,0.7,0.8,0.70–0.80,cold1,1,macro_f1_supported,-0.007656145246059842,-0.06383649941994876,0.04186243019452386,True,21,1000
one-unseen-drug,one_unseen,heldout,fixed,5,0.7,0.8,0.70–0.80,cold1,1,accuracy,0.02947328389427648,-0.009175684543007762,0.06228090541074696,True,21,1000
one-unseen-drug,one_unseen,heldout,fixed,5,0.7,0.8,0.70–0.80,cold2,1,macro_f1_all,0.013181159972236012,-0.004034481975916325,0.02083653747329095,True,20,1000
one-unseen-drug,one_unseen,heldout,fixed,5,0.7,0.8,0.70–0.80,cold2,1,macro_f1_supported,0.025190661280273252,-0.007710343331751223,0.03982093828228939,True,20,1000
one-unseen-drug,one_unseen,heldout,fixed,5,0.7,0.8,0.70–0.80,cold2,1,accuracy,0.052662721893491124,0.01621620790793389,0.08928644454596964,False,20,1000
one-unseen-drug,one_unseen,heldout,fixed,5,0.7,0.8,0.70–0.80,pooled_cold,3,macro_f1_all,0.0031308726469475947,-0.011784194774486691,0.015143925510125165,True,54,1000
one-unseen-drug,one_unseen,heldout,fixed,5,0.7,0.8,0.70–0.80,pooled_cold,3,macro_f1_supported,0.005773929989908222,-0.02130285992450348,0.02780195995769549,True,54,1000
one-unseen-drug,one_unseen,heldout,fixed,5,0.7,0.8,0.70–0.80,pooled_cold,3,accuracy,0.029752141545311712,0.0063958652327493854,0.05123736698176636,False,54,1000
one-unseen-drug,one_unseen,heldout,fixed,6,0.8,1.0,0.80–1.00,cold0,1,macro_f1_all,-0.017931276470418256,-0.02054312057219252,0.010273291216303425,True,10,1000
one-unseen-drug,one_unseen,heldout,fixed,6,0.8,1.0,0.80–1.00,cold0,1,macro_f1_supported,-0.03855224441139904,-0.04416770923021398,0.022087576115052267,True,10,1000
one-unseen-drug,one_unseen,heldout,fixed,6,0.8,1.0,0.80–1.00,cold0,1,accuracy,0.018402154398563735,0.0032082742212750323,0.035415729019002286,False,10,1000
one-unseen-drug,one_unseen,heldout,fixed,6,0.8,1.0,0.80–1.00,cold1,1,macro_f1_all,0.00342398704421476,-0.012429158594411188,0.019090709951967634,True,7,1000
one-unseen-drug,one_unseen,heldout,fixed,6,0.8,1.0,0.80–1.00,cold1,1,macro_f1_supported,0.010153892613878224,-0.0368588841075642,0.05661382951273163,True,7,1000
one-unseen-drug,one_unseen,heldout,fixed,6,0.8,1.0,0.80–1.00,cold1,1,accuracy,-0.00211864406779661,-0.11012100767108095,0.0847466838614591,True,7,1000
one-unseen-drug,one_unseen,heldout,fixed,6,0.8,1.0,0.80–1.00,cold2,1,macro_f1_all,0.017990200744733564,-0.004376862379183907,0.02420380819835814,True,9,1000
one-unseen-drug,one_unseen,heldout,fixed,6,0.8,1.0,0.80–1.00,cold2,1,macro_f1_supported,0.04834866450147146,-0.011762817644056811,0.06504773453308753,True,9,1000
one-unseen-drug,one_unseen,heldout,fixed,6,0.8,1.0,0.80–1.00,cold2,1,accuracy,-0.006924408540103866,-0.07045386915740753,0.04695671047103593,True,9,1000
one-unseen-drug,one_unseen,heldout,fixed,6,0.8,1.0,0.80–1.00,pooled_cold,3,macro_f1_all,0.0011609704395100229,-0.0076350289036995365,0.01193470745461976,True,26,1000
one-unseen-drug,one_unseen,heldout,fixed,6,0.8,1.0,0.80–1.00,pooled_cold,3,macro_f1_supported,0.0066501042346502155,-0.018582295386031396,0.03338637162139322,True,26,1000
one-unseen-drug,one_unseen,heldout,fixed,6,0.8,1.0,0.80–1.00,pooled_cold,3,accuracy,0.0031197005968877523,-0.0436931174954571,0.042364622260349656,True,26,1000
one-unseen-drug,one_unseen,heldout,validation_quartile,0,0.0,0.3333333432674408,0.00–0.33,cold0,1,macro_f1_all,-0.004677662264910648,-0.0282691921863465,0.03861270867282712,True,36,1000
one-unseen-drug,one_unseen,heldout,validation_quartile,0,0.0,0.3333333432674408,0.00–0.33,cold0,1,macro_f1_supported,-0.00759016895815684,-0.045870764679732015,0.06265458388421004,True,36,1000
one-unseen-drug,one_unseen,heldout,validation_quartile,0,0.0,0.3333333432674408,0.00–0.33,cold0,1,accuracy,-0.009232544720138488,-0.06486330968993105,0.053925599280827505,True,36,1000
one-unseen-drug,one_unseen,heldout,validation_quartile,0,0.0,0.3333333432674408,0.00–0.33,cold1,1,macro_f1_all,-0.003641112355096676,-0.03360836667996565,0.024416042850083097,True,40,1000
one-unseen-drug,one_unseen,heldout,validation_quartile,0,0.0,0.3333333432674408,0.00–0.33,cold1,1,macro_f1_supported,-0.005798808565524338,-0.05352443582364901,0.03888480898346569,True,40,1000
one-unseen-drug,one_unseen,heldout,validation_quartile,0,0.0,0.3333333432674408,0.00–0.33,cold1,1,accuracy,-0.013344865933522798,-0.054690335753873866,0.035277588420626976,True,40,1000
one-unseen-drug,one_unseen,heldout,validation_quartile,0,0.0,0.3333333432674408,0.00–0.33,cold2,1,macro_f1_all,-0.023188053681684,-0.03761252095350435,0.013181486495397996,True,44,1000
one-unseen-drug,one_unseen,heldout,validation_quartile,0,0.0,0.3333333432674408,0.00–0.33,cold2,1,macro_f1_supported,-0.04335157862227873,-0.07031906091307337,0.02464364866530928,True,44,1000
one-unseen-drug,one_unseen,heldout,validation_quartile,0,0.0,0.3333333432674408,0.00–0.33,cold2,1,accuracy,0.011059530311305297,-0.05778641878389553,0.09939700207090171,True,44,1000
one-unseen-drug,one_unseen,heldout,validation_quartile,0,0.0,0.3333333432674408,0.00–0.33,pooled_cold,3,macro_f1_all,-0.010502276100563776,-0.022429912573427385,0.01243267439415352,True,110,1000
one-unseen-drug,one_unseen,heldout,validation_quartile,0,0.0,0.3333333432674408,0.00–0.33,pooled_cold,3,macro_f1_supported,-0.01891351871531997,-0.03845243219969416,0.01978271514195452,True,110,1000
one-unseen-drug,one_unseen,heldout,validation_quartile,0,0.0,0.3333333432674408,0.00–0.33,pooled_cold,3,accuracy,-0.0038392934474519957,-0.03854466943716566,0.04226225239123628,True,110,1000
one-unseen-drug,one_unseen,heldout,validation_quartile,1,0.3333333432674408,0.5,0.33–0.50,cold0,1,macro_f1_all,0.0038528099774221003,-0.03780801100243754,0.05588274365094586,True,47,1000
one-unseen-drug,one_unseen,heldout,validation_quartile,1,0.3333333432674408,0.5,0.33–0.50,cold0,1,macro_f1_supported,0.004538926822716505,-0.044540944468625054,0.06583446512303202,True,47,1000
one-unseen-drug,one_unseen,heldout,validation_quartile,1,0.3333333432674408,0.5,0.33–0.50,cold0,1,accuracy,0.091324200913242,0.008839454768058768,0.17617123090029677,False,47,1000
one-unseen-drug,one_unseen,heldout,validation_quartile,1,0.3333333432674408,0.5,0.33–0.50,cold1,1,macro_f1_all,-0.041590221099405134,-0.06696276401307574,0.010561561722657988,True,36,1000
one-unseen-drug,one_unseen,heldout,validation_quartile,1,0.3333333432674408,0.5,0.33–0.50,cold1,1,macro_f1_supported,-0.06878382720286236,-0.11074610971393294,0.01746719823362665,True,36,1000
one-unseen-drug,one_unseen,heldout,validation_quartile,1,0.3333333432674408,0.5,0.33–0.50,cold1,1,accuracy,0.0,-0.08253291476439392,0.06898939222639051,True,36,1000
one-unseen-drug,one_unseen,heldout,validation_quartile,1,0.3333333432674408,0.5,0.33–0.50,cold2,1,macro_f1_all,0.05229605330956244,-0.00044495759482174774,0.07873306820831173,True,40,1000
one-unseen-drug,one_unseen,heldout,validation_quartile,1,0.3333333432674408,0.5,0.33–0.50,cold2,1,macro_f1_supported,0.0749576764103726,-0.0006377725525777838,0.11285073109858018,True,40,1000
one-unseen-drug,one_unseen,heldout,validation_quartile,1,0.3333333432674408,0.5,0.33–0.50,cold2,1,accuracy,0.08293569643262895,0.016760642129965347,0.15762660323015237,False,40,1000
one-unseen-drug,one_unseen,heldout,validation_quartile,1,0.3333333432674408,0.5,0.33–0.50,pooled_cold,3,macro_f1_all,0.004852880729193136,-0.01848202945056515,0.030657544869425617,True,114,1000
one-unseen-drug,one_unseen,heldout,validation_quartile,1,0.3333333432674408,0.5,0.33–0.50,pooled_cold,3,macro_f1_supported,0.003570925343408915,-0.028149453004360694,0.04141380419126941,True,114,1000
one-unseen-drug,one_unseen,heldout,validation_quartile,1,0.3333333432674408,0.5,0.33–0.50,pooled_cold,3,accuracy,0.058086632448623644,0.00929874187507348,0.10704934166346639,False,114,1000
one-unseen-drug,one_unseen,heldout,validation_quartile,2,0.5,0.6666666865348816,0.50–0.67,cold0,1,macro_f1_all,0.05522649622773368,0.004894543159525396,0.08638925616710624,False,40,1000
one-unseen-drug,one_unseen,heldout,validation_quartile,2,0.5,0.6666666865348816,0.50–0.67,cold0,1,macro_f1_supported,0.07660449476750153,0.006789205027728716,0.11983025855437322,False,40,1000
one-unseen-drug,one_unseen,heldout,validation_quartile,2,0.5,0.6666666865348816,0.50–0.67,cold0,1,accuracy,0.035739814152966405,0.009297088039654662,0.0672737821403414,False,40,1000
one-unseen-drug,one_unseen,heldout,validation_quartile,2,0.5,0.6666666865348816,0.50–0.67,cold1,1,macro_f1_all,0.024938181296186968,-0.00332284934143123,0.0445542677555961,True,52,1000
one-unseen-drug,one_unseen,heldout,validation_quartile,2,0.5,0.6666666865348816,0.50–0.67,cold1,1,macro_f1_supported,0.031539464580471854,-0.004202427108280599,0.056348044514430394,True,52,1000
one-unseen-drug,one_unseen,heldout,validation_quartile,2,0.5,0.6666666865348816,0.50–0.67,cold1,1,accuracy,0.05607285378082472,0.01960634275481239,0.09942359368330164,False,52,1000
one-unseen-drug,one_unseen,heldout,validation_quartile,2,0.5,0.6666666865348816,0.50–0.67,cold2,1,macro_f1_all,0.042170803326562534,-0.015512142838781516,0.07828024382649817,True,47,1000
one-unseen-drug,one_unseen,heldout,validation_quartile,2,0.5,0.6666666865348816,0.50–0.67,cold2,1,macro_f1_supported,0.05579521670899035,-0.020523758217464664,0.10357078413967447,True,47,1000
one-unseen-drug,one_unseen,heldout,validation_quartile,2,0.5,0.6666666865348816,0.50–0.67,cold2,1,accuracy,0.04796098089689744,0.0027978608574502715,0.0924158904326455,False,47,1000
one-unseen-drug,one_unseen,heldout,validation_quartile,2,0.5,0.6666666865348816,0.50–0.67,pooled_cold,3,macro_f1_all,0.04077849361682773,0.009691754597631568,0.05668495780451769,False,123,1000
one-unseen-drug,one_unseen,heldout,validation_quartile,2,0.5,0.6666666865348816,0.50–0.67,pooled_cold,3,macro_f1_supported,0.05464639201898791,0.012987721191962781,0.0755726201445494,False,123,1000
one-unseen-drug,one_unseen,heldout,validation_quartile,2,0.5,0.6666666865348816,0.50–0.67,pooled_cold,3,accuracy,0.04659121627689619,0.023097047448350283,0.0714782362356034,False,123,1000
one-unseen-drug,one_unseen,heldout,validation_quartile,3,0.6666666865348816,1.0,0.67–1.00,cold0,1,macro_f1_all,-0.003756678001839986,-0.026552632970722242,0.019145980009516134,True,41,1000
one-unseen-drug,one_unseen,heldout,validation_quartile,3,0.6666666865348816,1.0,0.67–1.00,cold0,1,macro_f1_supported,-0.005128163621559101,-0.036246451356859076,0.026135782235212502,True,41,1000
one-unseen-drug,one_unseen,heldout,validation_quartile,3,0.6666666865348816,1.0,0.67–1.00,cold0,1,accuracy,0.015603439125358243,-0.015011902621584213,0.043804397281659725,True,41,1000
one-unseen-drug,one_unseen,heldout,validation_quartile,3,0.6666666865348816,1.0,0.67–1.00,cold1,1,macro_f1_all,0.012115923947489948,-0.02190791585900034,0.029374165180804875,True,37,1000
one-unseen-drug,one_unseen,heldout,validation_quartile,3,0.6666666865348816,1.0,0.67–1.00,cold1,1,macro_f1_supported,0.017366157658068815,-0.031401346064567265,0.04210297009248712,True,37,1000
one-unseen-drug,one_unseen,heldout,validation_quartile,3,0.6666666865348816,1.0,0.67–1.00,cold1,1,accuracy,0.01816702819956616,-0.028314168041655676,0.05651043737929657,True,37,1000
one-unseen-drug,one_unseen,heldout,validation_quartile,3,0.6666666865348816,1.0,0.67–1.00,cold2,1,macro_f1_all,0.009491292944574736,-0.0036056595066217773,0.021252689795845898,True,34,1000
one-unseen-drug,one_unseen,heldout,validation_quartile,3,0.6666666865348816,1.0,0.67–1.00,cold2,1,macro_f1_supported,0.01484093078606219,-0.005637940319444961,0.03323147858986807,True,34,1000
one-unseen-drug,one_unseen,heldout,validation_quartile,3,0.6666666865348816,1.0,0.67–1.00,cold2,1,accuracy,0.05166374781085814,0.0076793990951659384,0.09930878394568436,False,34,1000
one-unseen-drug,one_unseen,heldout,validation_quartile,3,0.6666666865348816,1.0,0.67–1.00,pooled_cold,3,macro_f1_all,0.005950179630074899,-0.00991525034122136,0.016185266919408015,True,103,1000
one-unseen-drug,one_unseen,heldout,validation_quartile,3,0.6666666865348816,1.0,0.67–1.00,pooled_cold,3,macro_f1_supported,0.009026308274190634,-0.013567405834444738,0.023648214920051727,True,103,1000
one-unseen-drug,one_unseen,heldout,validation_quartile,3,0.6666666865348816,1.0,0.67–1.00,pooled_cold,3,accuracy,0.028478071711927514,0.004624048826901036,0.051726334311269793,False,103,1000
two-unseen-drug,two_unseen,sim_min,fixed,0,0.0,0.3,0.00–0.30,cold0,1,macro_f1_all,0.005501494687493766,-0.0022982149230440087,0.019417842498922387,True,113,1000
two-unseen-drug,two_unseen,sim_min,fixed,0,0.0,0.3,0.00–0.30,cold0,1,macro_f1_supported,0.019713689296852653,-0.008235270140907698,0.0695806022878052,True,113,1000
two-unseen-drug,two_unseen,sim_min,fixed,0,0.0,0.3,0.00–0.30,cold0,1,accuracy,-0.0017574692442882249,-0.0603621943340985,0.06948322901620928,True,113,1000
two-unseen-drug,two_unseen,sim_min,fixed,0,0.0,0.3,0.00–0.30,cold1,1,macro_f1_all,-0.009052919100966741,-0.021645548848633504,0.01859811455378664,True,127,1000
two-unseen-drug,two_unseen,sim_min,fixed,0,0.0,0.3,0.00–0.30,cold1,1,macro_f1_supported,-0.025114549763972205,-0.060048941967176826,0.051594769407279056,True,127,1000
two-unseen-drug,two_unseen,sim_min,fixed,0,0.0,0.3,0.00–0.30,cold1,1,accuracy,-0.028117359413202935,-0.06266973114896723,0.005761203015950147,True,127,1000
two-unseen-drug,two_unseen,sim_min,fixed,0,0.0,0.3,0.00–0.30,cold2,1,macro_f1_all,0.0017645648525317914,-0.010669603617104735,0.012916521899682232,True,89,1000
two-unseen-drug,two_unseen,sim_min,fixed,0,0.0,0.3,0.00–0.30,cold2,1,macro_f1_supported,0.009484536082358358,-0.05734911944193796,0.06942630521079197,True,89,1000
two-unseen-drug,two_unseen,sim_min,fixed,0,0.0,0.3,0.00–0.30,cold2,1,accuracy,0.00437636761487965,-0.09091484464902187,0.11543749999999996,True,89,1000
two-unseen-drug,two_unseen,sim_min,fixed,0,0.0,0.3,0.00–0.30,pooled_cold,3,macro_f1_all,-0.0005956198536470614,-0.006966910747464232,0.011059654435339511,True,302,1000
two-unseen-drug,two_unseen,sim_min,fixed,0,0.0,0.3,0.00–0.30,pooled_cold,3,macro_f1_supported,0.0013612252050796022,-0.024960358058890648,0.04186647662492032,True,302,1000
two-unseen-drug,two_unseen,sim_min,fixed,0,0.0,0.3,0.00–0.30,pooled_cold,3,accuracy,-0.008499487014203838,-0.051788429785158,0.040347853409743555,True,302,1000
two-unseen-drug,two_unseen,sim_min,fixed,1,0.3,0.4,0.30–0.40,cold0,1,macro_f1_all,0.04011382160495782,0.01588749030327773,0.05698259075653879,False,89,1000
two-unseen-drug,two_unseen,sim_min,fixed,1,0.3,0.4,0.30–0.40,cold0,1,macro_f1_supported,0.1014643722948933,0.04018600488476131,0.1441324354430099,False,89,1000
two-unseen-drug,two_unseen,sim_min,fixed,1,0.3,0.4,0.30–0.40,cold0,1,accuracy,0.0686456400742115,0.01738025055268976,0.12032514797632377,False,89,1000
two-unseen-drug,two_unseen,sim_min,fixed,1,0.3,0.4,0.30–0.40,cold1,1,macro_f1_all,0.03783455509565427,0.010560443341291947,0.04862206887806109,False,91,1000
two-unseen-drug,two_unseen,sim_min,fixed,1,0.3,0.4,0.30–0.40,cold1,1,macro_f1_supported,0.11620613350808098,0.03243564740539669,0.14933921155404478,False,91,1000
two-unseen-drug,two_unseen,sim_min,fixed,1,0.3,0.4,0.30–0.40,cold1,1,accuracy,0.008,-0.05901769142385764,0.06813009170251318,True,91,1000
two-unseen-drug,two_unseen,sim_min,fixed,1,0.3,0.4,0.30–0.40,cold2,1,macro_f1_all,0.03154512192735849,0.007336178077253933,0.040627489010609946,False,93,1000
two-unseen-drug,two_unseen,sim_min,fixed,1,0.3,0.4,0.30–0.40,cold2,1,macro_f1_supported,0.10047705502788262,0.023367085727549565,0.12940607610786875,False,93,1000
two-unseen-drug,two_unseen,sim_min,fixed,1,0.3,0.4,0.30–0.40,cold2,1,accuracy,0.02654867256637168,-0.018091932567228606,0.07348909296500168,True,93,1000
two-unseen-drug,two_unseen,sim_min,fixed,1,0.3,0.4,0.30–0.40,pooled_cold,3,macro_f1_all,0.03649783287599019,0.020029046181435545,0.042683592133639356,False,250,1000
two-unseen-drug,two_unseen,sim_min,fixed,1,0.3,0.4,0.30–0.40,pooled_cold,3,macro_f1_supported,0.10604918694361898,0.05766628008897239,0.12273628665306661,False,250,1000
two-unseen-drug,two_unseen,sim_min,fixed,1,0.3,0.4,0.30–0.40,pooled_cold,3,accuracy,0.03439810421352773,0.002431641356863982,0.06770623714677328,False,250,1000
two-unseen-drug,two_unseen,sim_min,fixed,2,0.4,0.5,0.40–0.50,cold0,1,macro_f1_all,0.016714263779801133,-0.005199731568137394,0.036683450518479134,True,63,1000
two-unseen-drug,two_unseen,sim_min,fixed,2,0.4,0.5,0.40–0.50,cold0,1,macro_f1_supported,0.05528564173318834,-0.01719911210999288,0.12133756709958489,True,63,1000
two-unseen-drug,two_unseen,sim_min,fixed,2,0.4,0.5,0.40–0.50,cold0,1,accuracy,0.10149253731343283,-0.028243604931771308,0.23573377933524467,True,63,1000
two-unseen-drug,two_unseen,sim_min,fixed,2,0.4,0.5,0.40–0.50,cold1,1,macro_f1_all,-0.005506729645137487,-0.020574756151400374,0.010808160403619258,True,77,1000
two-unseen-drug,two_unseen,sim_min,fixed,2,0.4,0.5,0.40–0.50,cold1,1,macro_f1_supported,-0.02152630679462847,-0.08042859222820144,0.04225008157778438,True,77,1000
two-unseen-drug,two_unseen,sim_min,fixed,2,0.4,0.5,0.40–0.50,cold1,1,accuracy,0.003257328990228013,-0.053811227297743534,0.06123608534322819,True,77,1000
two-unseen-drug,two_unseen,sim_min,fixed,2,0.4,0.5,0.40–0.50,cold2,1,macro_f1_all,0.03301171882539691,0.011957053569053874,0.04821156093663616,False,64,1000
two-unseen-drug,two_unseen,sim_min,fixed,2,0.4,0.5,0.40–0.50,cold2,1,macro_f1_supported,0.10514843774015309,0.03808542988661607,0.15356274965002617,False,64,1000
two-unseen-drug,two_unseen,sim_min,fixed,2,0.4,0.5,0.40–0.50,cold2,1,accuracy,0.09610389610389611,0.020753600535893712,0.16880254215212653,False,64,1000
two-unseen-drug,two_unseen,sim_min,fixed,2,0.4,0.5,0.40–0.50,pooled_cold,3,macro_f1_all,0.014739750986686853,0.002732941442558557,0.024371861215427386,False,185,1000
two-unseen-drug,two_unseen,sim_min,fixed,2,0.4,0.5,0.40–0.50,pooled_cold,3,macro_f1_supported,0.04630259089290432,0.006708536539456985,0.07981009542707647,False,185,1000
two-unseen-drug,two_unseen,sim_min,fixed,2,0.4,0.5,0.40–0.50,pooled_cold,3,accuracy,0.06695125413585232,0.007863879961083555,0.12136366387302111,False,185,1000
two-unseen-drug,two_unseen,sim_min,fixed,3,0.5,0.6,0.50–0.60,cold0,1,macro_f1_all,0.02313373056955896,0.003154362038781753,0.040757896203465996,False,51,1000
two-unseen-drug,two_unseen,sim_min,fixed,3,0.5,0.6,0.50–0.60,cold0,1,macro_f1_supported,0.10471056994642469,0.014277638701854237,0.18448310913147764,False,51,1000
two-unseen-drug,two_unseen,sim_min,fixed,3,0.5,0.6,0.50–0.60,cold0,1,accuracy,0.008450704225352112,-0.03857296352827763,0.05523633974720927,True,51,1000
two-unseen-drug,two_unseen,sim_min,fixed,3,0.5,0.6,0.50–0.60,cold1,1,macro_f1_all,0.027725869098712136,0.011022837748461422,0.04430603480208739,False,64,1000
two-unseen-drug,two_unseen,sim_min,fixed,3,0.5,0.6,0.50–0.60,cold1,1,macro_f1_supported,0.09170864394189399,0.03646015562952623,0.1465507304992122,False,64,1000
two-unseen-drug,two_unseen,sim_min,fixed,3,0.5,0.6,0.50–0.60,cold1,1,accuracy,0.06720430107526881,0.009624442940147799,0.12074201314007722,False,64,1000
two-unseen-drug,two_unseen,sim_min,fixed,3,0.5,0.6,0.50–0.60,cold2,1,macro_f1_all,0.03311107850173056,0.012413345672131532,0.05317390177001142,False,49,1000
two-unseen-drug,two_unseen,sim_min,fixed,3,0.5,0.6,0.50–0.60,cold2,1,macro_f1_supported,0.11390211004595313,0.04270190911213247,0.18291822208883934,False,49,1000
two-unseen-drug,two_unseen,sim_min,fixed,3,0.5,0.6,0.50–0.60,cold2,1,accuracy,0.046610169491525424,-0.021067441330599224,0.12095319523158098,True,49,1000
two-unseen-drug,two_unseen,sim_min,fixed,3,0.5,0.6,0.50–0.60,pooled_cold,3,macro_f1_all,0.02799022605666722,0.015781421968528674,0.038619967907011644,False,149,1000
two-unseen-drug,two_unseen,sim_min,fixed,3,0.5,0.6,0.50–0.60,pooled_cold,3,macro_f1_supported,0.10344044131142394,0.05644141974162369,0.14430319175759046,False,149,1000
two-unseen-drug,two_unseen,sim_min,fixed,3,0.5,0.6,0.50–0.60,pooled_cold,3,accuracy,0.04075505826404879,0.0045067893960965034,0.08110383679489157,False,149,1000
two-unseen-drug,two_unseen,sim_min,fixed,4,0.6,1.0,0.60–1.00,cold0,1,macro_f1_all,0.007635023093853527,-0.004588920835030716,0.015222067767653797,True,32,1000
two-unseen-drug,two_unseen,sim_min,fixed,4,0.6,1.0,0.60–1.00,cold0,1,macro_f1_supported,0.036478443670633465,-0.02192484398959115,0.07272765711212369,True,32,1000
two-unseen-drug,two_unseen,sim_min,fixed,4,0.6,1.0,0.60–1.00,cold0,1,accuracy,-0.018315018315018316,-0.06028822365165759,0.01674754489640396,True,32,1000
two-unseen-drug,two_unseen,sim_min,fixed,4,0.6,1.0,0.60–1.00,cold1,1,macro_f1_all,0.025637520159182414,0.006569246768291595,0.04316692792870349,False,41,1000
two-unseen-drug,two_unseen,sim_min,fixed,4,0.6,1.0,0.60–1.00,cold1,1,macro_f1_supported,0.10021939698589488,0.0256797828215035,0.16874344553947718,False,41,1000
two-unseen-drug,two_unseen,sim_min,fixed,4,0.6,1.0,0.60–1.00,cold1,1,accuracy,0.003937007874015748,-0.036870626386755416,0.04169089147286819,True,41,1000
two-unseen-drug,two_unseen,sim_min,fixed,4,0.6,1.0,0.60–1.00,cold2,1,macro_f1_all,0.015983134007019256,0.002777451501673718,0.022314548073817,False,34,1000
two-unseen-drug,two_unseen,sim_min,fixed,4,0.6,1.0,0.60–1.00,cold2,1,macro_f1_supported,0.07636386247798088,0.013270046063552175,0.10661395190823685,False,34,1000
two-unseen-drug,two_unseen,sim_min,fixed,4,0.6,1.0,0.60–1.00,cold2,1,accuracy,0.037383177570093455,0.0,0.0748696524064171,True,34,1000
two-unseen-drug,two_unseen,sim_min,fixed,4,0.6,1.0,0.60–1.00,pooled_cold,3,macro_f1_all,0.016418559086685065,0.007090876099055282,0.02255202060238514,False,97,1000
two-unseen-drug,two_unseen,sim_min,fixed,4,0.6,1.0,0.60–1.00,pooled_cold,3,macro_f1_supported,0.07102056771150307,0.02960090203533568,0.09690363325411715,False,97,1000
two-unseen-drug,two_unseen,sim_min,fixed,4,0.6,1.0,0.60–1.00,pooled_cold,3,accuracy,0.007668389043030296,-0.015418202711537954,0.030356195534966404,True,97,1000
two-unseen-drug,two_unseen,sim_min,validation_quartile,0,0.0,0.3333333432674408,0.00–0.33,cold0,1,macro_f1_all,0.006586426657659301,-0.0005342280614166938,0.0199143529807976,True,114,1000
two-unseen-drug,two_unseen,sim_min,validation_quartile,0,0.0,0.3333333432674408,0.00–0.33,cold0,1,macro_f1_supported,0.018881089751956653,-0.0015314537760612,0.05708781187828646,True,114,1000
two-unseen-drug,two_unseen,sim_min,validation_quartile,0,0.0,0.3333333432674408,0.00–0.33,cold0,1,accuracy,0.00261437908496732,-0.04633396616822031,0.05602403752198554,True,114,1000
two-unseen-drug,two_unseen,sim_min,validation_quartile,0,0.0,0.3333333432674408,0.00–0.33,cold1,1,macro_f1_all,-0.011689222843156648,-0.027250182493970283,0.017012486560426667,True,131,1000
two-unseen-drug,two_unseen,sim_min,validation_quartile,0,0.0,0.3333333432674408,0.00–0.33,cold1,1,macro_f1_supported,-0.03046282316701429,-0.07101562710549829,0.044335571036263434,True,131,1000
two-unseen-drug,two_unseen,sim_min,validation_quartile,0,0.0,0.3333333432674408,0.00–0.33,cold1,1,accuracy,-0.017486338797814208,-0.05206402252306961,0.014876619880321589,True,131,1000
two-unseen-drug,two_unseen,sim_min,validation_quartile,0,0.0,0.3333333432674408,0.00–0.33,cold2,1,macro_f1_all,0.005837760866566823,-0.007422725011994111,0.01793183407014559,True,105,1000
two-unseen-drug,two_unseen,sim_min,validation_quartile,0,0.0,0.3333333432674408,0.00–0.33,cold2,1,macro_f1_supported,0.020918643105197754,-0.026598097959645576,0.06425573875135501,True,105,1000
two-unseen-drug,two_unseen,sim_min,validation_quartile,0,0.0,0.3333333432674408,0.00–0.33,cold2,1,accuracy,0.014760147601476014,-0.051036146165783385,0.08247460767243894,True,105,1000
two-unseen-drug,two_unseen,sim_min,validation_quartile,0,0.0,0.3333333432674408,0.00–0.33,pooled_cold,3,macro_f1_all,0.00024498822702315876,-0.006574882235024553,0.012352931862161532,True,320,1000
two-unseen-drug,two_unseen,sim_min,validation_quartile,0,0.0,0.3333333432674408,0.00–0.33,pooled_cold,3,macro_f1_supported,0.0031123032300467055,-0.017573888227094277,0.036399241259532,True,320,1000
two-unseen-drug,two_unseen,sim_min,validation_quartile,0,0.0,0.3333333432674408,0.00–0.33,pooled_cold,3,accuracy,-3.727070379029122e-05,-0.03197835476852225,0.03287615939184809,True,320,1000
two-unseen-drug,two_unseen,sim_min,validation_quartile,1,0.3333333432674408,0.5,0.33–0.50,cold0,1,macro_f1_all,0.034119379052866536,0.009844797199872348,0.056745649662541746,False,90,1000
two-unseen-drug,two_unseen,sim_min,validation_quartile,1,0.3333333432674408,0.5,0.33–0.50,cold0,1,macro_f1_supported,0.07930450266341954,0.022882501599703266,0.13189529381023213,False,90,1000
two-unseen-drug,two_unseen,sim_min,validation_quartile,1,0.3333333432674408,0.5,0.33–0.50,cold0,1,accuracy,0.10029498525073746,0.03440002187277855,0.17432499185611214,False,90,1000
two-unseen-drug,two_unseen,sim_min,validation_quartile,1,0.3333333432674408,0.5,0.33–0.50,cold1,1,macro_f1_all,0.014406290522385554,-0.005574511585255501,0.026877510833572215,True,92,1000
two-unseen-drug,two_unseen,sim_min,validation_quartile,1,0.3333333432674408,0.5,0.33–0.50,cold1,1,macro_f1_supported,0.04272210292845374,-0.016531310218343916,0.07970572178231757,True,92,1000
two-unseen-drug,two_unseen,sim_min,validation_quartile,1,0.3333333432674408,0.5,0.33–0.50,cold1,1,accuracy,-0.005128205128205128,-0.06038144996546301,0.04278969834791481,True,92,1000
two-unseen-drug,two_unseen,sim_min,validation_quartile,1,0.3333333432674408,0.5,0.33–0.50,cold2,1,macro_f1_all,0.04171502214279406,0.013935771256954404,0.05729674573794629,False,83,1000
two-unseen-drug,two_unseen,sim_min,validation_quartile,1,0.3333333432674408,0.5,0.33–0.50,cold2,1,macro_f1_supported,0.10871187588728146,0.036317464487820514,0.14931879192313272,False,83,1000
two-unseen-drug,two_unseen,sim_min,validation_quartile,1,0.3333333432674408,0.5,0.33–0.50,cold2,1,accuracy,0.06364922206506365,0.009160125198728141,0.12026557269249163,False,83,1000
two-unseen-drug,two_unseen,sim_min,validation_quartile,1,0.3333333432674408,0.5,0.33–0.50,pooled_cold,3,macro_f1_all,0.03008023057268205,0.014570942959099236,0.038599173632555314,False,240,1000
two-unseen-drug,two_unseen,sim_min,validation_quartile,1,0.3333333432674408,0.5,0.33–0.50,pooled_cold,3,macro_f1_supported,0.07691282715971824,0.037685111420884675,0.0992796410527054,False,240,1000
two-unseen-drug,two_unseen,sim_min,validation_quartile,1,0.3333333432674408,0.5,0.33–0.50,pooled_cold,3,accuracy,0.052938667395865335,0.015152971237040066,0.09198862034595061,False,240,1000
two-unseen-drug,two_unseen,sim_min,validation_quartile,2,0.5,0.6666666865348816,0.50–0.67,cold0,1,macro_f1_all,0.026286226100060345,0.005455536703133841,0.04004672387064101,False,55,1000
two-unseen-drug,two_unseen,sim_min,validation_quartile,2,0.5,0.6666666865348816,0.50–0.67,cold0,1,macro_f1_supported,0.11303077223025937,0.02345880782347555,0.17220091264375642,False,55,1000
two-unseen-drug,two_unseen,sim_min,validation_quartile,2,0.5,0.6666666865348816,0.50–0.67,cold0,1,accuracy,0.0,-0.03746248904680166,0.03675083911707817,True,55,1000
two-unseen-drug,two_unseen,sim_min,validation_quartile,2,0.5,0.6666666865348816,0.50–0.67,cold1,1,macro_f1_all,0.026609261455365962,0.007356229462268389,0.039238651326721254,False,68,1000
two-unseen-drug,two_unseen,sim_min,validation_quartile,2,0.5,0.6666666865348816,0.50–0.67,cold1,1,macro_f1_supported,0.08801524942928751,0.024332143605964654,0.1297893851576165,False,68,1000
two-unseen-drug,two_unseen,sim_min,validation_quartile,2,0.5,0.6666666865348816,0.50–0.67,cold1,1,accuracy,0.05432595573440644,0.0055410629459583015,0.10390051125345243,False,68,1000
two-unseen-drug,two_unseen,sim_min,validation_quartile,2,0.5,0.6666666865348816,0.50–0.67,cold2,1,macro_f1_all,0.032175786405173074,0.011574911762543305,0.05120916147913704,False,50,1000
two-unseen-drug,two_unseen,sim_min,validation_quartile,2,0.5,0.6666666865348816,0.50–0.67,cold2,1,macro_f1_supported,0.0922372543614961,0.033181413719290766,0.14679959624019281,False,50,1000
two-unseen-drug,two_unseen,sim_min,validation_quartile,2,0.5,0.6666666865348816,0.50–0.67,cold2,1,accuracy,0.04437869822485207,-0.0062661637931034474,0.10335252365930597,True,50,1000
two-unseen-drug,two_unseen,sim_min,validation_quartile,2,0.5,0.6666666865348816,0.50–0.67,pooled_cold,3,macro_f1_all,0.028357091320199795,0.01486305762882752,0.036893287871879156,False,157,1000
two-unseen-drug,two_unseen,sim_min,validation_quartile,2,0.5,0.6666666865348816,0.50–0.67,pooled_cold,3,macro_f1_supported,0.09776109200701433,0.04968077143307549,0.12622737966603043,False,157,1000
two-unseen-drug,two_unseen,sim_min,validation_quartile,2,0.5,0.6666666865348816,0.50–0.67,pooled_cold,3,accuracy,0.032901551319752836,0.006162618243463144,0.06293653989783442,False,157,1000
two-unseen-drug,two_unseen,sim_min,validation_quartile,3,0.6666666865348816,1.0,0.67–1.00,cold0,1,macro_f1_all,0.014043937874385605,-0.0015148262438075544,0.02139161337074355,True,23,1000
two-unseen-drug,two_unseen,sim_min,validation_quartile,3,0.6666666865348816,1.0,0.67–1.00,cold0,1,macro_f1_supported,0.10064822143309676,-0.010856254747287469,0.1533065624903288,True,23,1000
two-unseen-drug,two_unseen,sim_min,validation_quartile,3,0.6666666865348816,1.0,0.67–1.00,cold0,1,accuracy,-0.012048192771084338,-0.058395345530382024,0.03107315389924084,True,23,1000
two-unseen-drug,two_unseen,sim_min,validation_quartile,3,0.6666666865348816,1.0,0.67–1.00,cold1,1,macro_f1_all,0.009525080010486617,-0.00522800397460472,0.03170865042200269,True,28,1000
two-unseen-drug,two_unseen,sim_min,validation_quartile,3,0.6666666865348816,1.0,0.67–1.00,cold1,1,macro_f1_supported,0.04550871560565817,-0.024978241212000287,0.15149688534956834,True,28,1000
two-unseen-drug,two_unseen,sim_min,validation_quartile,3,0.6666666865348816,1.0,0.67–1.00,cold1,1,accuracy,-0.007751937984496124,-0.07340012382506896,0.05970895522388059,True,28,1000
two-unseen-drug,two_unseen,sim_min,validation_quartile,3,0.6666666865348816,1.0,0.67–1.00,cold2,1,macro_f1_all,0.009664044894337212,-1.7203738261797806e-05,0.01285331907214921,True,21,1000
two-unseen-drug,two_unseen,sim_min,validation_quartile,3,0.6666666865348816,1.0,0.67–1.00,cold2,1,macro_f1_supported,0.07555526008300006,-0.0001345019536832797,0.10048958547316665,True,21,1000
two-unseen-drug,two_unseen,sim_min,validation_quartile,3,0.6666666865348816,1.0,0.67–1.00,cold2,1,accuracy,0.03571428571428571,-0.020435593592275616,0.077596906334067,True,21,1000
two-unseen-drug,two_unseen,sim_min,validation_quartile,3,0.6666666865348816,1.0,0.67–1.00,pooled_cold,3,macro_f1_all,0.011077687593069811,0.002249386831139897,0.018420587338225013,False,67,1000
two-unseen-drug,two_unseen,sim_min,validation_quartile,3,0.6666666865348816,1.0,0.67–1.00,pooled_cold,3,macro_f1_supported,0.07390406570725166,0.01809229340826029,0.11119810741520325,False,67,1000
two-unseen-drug,two_unseen,sim_min,validation_quartile,3,0.6666666865348816,1.0,0.67–1.00,pooled_cold,3,accuracy,0.005304718319568417,-0.028012735825300835,0.03538503393019382,True,67,1000
two-unseen-drug,two_unseen,sim_mean,fixed,0,0.0,0.4,0.00–0.40,cold0,1,macro_f1_all,0.018301251587592576,0.0007302103268536047,0.02567445134186318,False,77,1000
two-unseen-drug,two_unseen,sim_mean,fixed,0,0.0,0.4,0.00–0.40,cold0,1,macro_f1_supported,0.05427267712182628,0.0021654513141175875,0.07613802811724941,False,77,1000
two-unseen-drug,two_unseen,sim_mean,fixed,0,0.0,0.4,0.00–0.40,cold0,1,accuracy,0.026455026455026454,-0.04612435475187636,0.11465700270883666,True,77,1000
two-unseen-drug,two_unseen,sim_mean,fixed,0,0.0,0.4,0.00–0.40,cold1,1,macro_f1_all,-0.00040512535189984183,-0.018681555378204852,0.02050625718790499,True,86,1000
two-unseen-drug,two_unseen,sim_mean,fixed,0,0.0,0.4,0.00–0.40,cold1,1,macro_f1_supported,-0.0012903992690143223,-0.05950421342687472,0.06531622659851219,True,86,1000
two-unseen-drug,two_unseen,sim_mean,fixed,0,0.0,0.4,0.00–0.40,cold1,1,accuracy,-0.02092050209205021,-0.06888789076536113,0.022150306380964345,True,86,1000
two-unseen-drug,two_unseen,sim_mean,fixed,0,0.0,0.4,0.00–0.40,cold2,1,macro_f1_all,0.011955357038718507,0.001996082655070776,0.0182203339954488,False,68,1000
two-unseen-drug,two_unseen,sim_mean,fixed,0,0.0,0.4,0.00–0.40,cold2,1,macro_f1_supported,0.05712003918498845,0.009536839352004814,0.08705270686714425,False,68,1000
two-unseen-drug,two_unseen,sim_mean,fixed,0,0.0,0.4,0.00–0.40,cold2,1,accuracy,0.03696098562628337,-0.03420289855072464,0.10680131086849759,True,68,1000
two-unseen-drug,two_unseen,sim_mean,fixed,0,0.0,0.4,0.00–0.40,pooled_cold,3,macro_f1_all,0.009950494424803747,8.474712032014796e-05,0.01681723496276401,False,214,1000
two-unseen-drug,two_unseen,sim_mean,fixed,0,0.0,0.4,0.00–0.40,pooled_cold,3,macro_f1_supported,0.03670077234593347,0.002740087743594122,0.060170573269631544,False,214,1000
two-unseen-drug,two_unseen,sim_mean,fixed,0,0.0,0.4,0.00–0.40,pooled_cold,3,accuracy,0.01416516999641987,-0.031909068575727555,0.05989630597490223,True,214,1000
two-unseen-drug,two_unseen,sim_mean,fixed,1,0.4,0.5,0.40–0.50,cold0,1,macro_f1_all,0.02662465432940416,0.002919059088248378,0.040416908998723265,False,97,1000
two-unseen-drug,two_unseen,sim_mean,fixed,1,0.4,0.5,0.40–0.50,cold0,1,macro_f1_supported,0.07155375851027376,0.007844971299667533,0.10862044293406879,False,97,1000
two-unseen-drug,two_unseen,sim_mean,fixed,1,0.4,0.5,0.40–0.50,cold0,1,accuracy,0.05009633911368015,-0.0017422939649578194,0.1081705742615162,True,97,1000
two-unseen-drug,two_unseen,sim_mean,fixed,1,0.4,0.5,0.40–0.50,cold1,1,macro_f1_all,0.015352872662046657,-0.005244545689554967,0.033199083230478724,True,111,1000
two-unseen-drug,two_unseen,sim_mean,fixed,1,0.4,0.5,0.40–0.50,cold1,1,macro_f1_supported,0.04126084527925039,-0.014094716540678981,0.08922253618191157,True,111,1000
two-unseen-drug,two_unseen,sim_mean,fixed,1,0.4,0.5,0.40–0.50,cold1,1,accuracy,0.007326007326007326,-0.03691069559949331,0.047451306197147956,True,111,1000
two-unseen-drug,two_unseen,sim_mean,fixed,1,0.4,0.5,0.40–0.50,cold2,1,macro_f1_all,0.035498020451959225,0.007225699764638729,0.05088525186495616,False,95,1000
two-unseen-drug,two_unseen,sim_mean,fixed,1,0.4,0.5,0.40–0.50,cold2,1,macro_f1_supported,0.09847837931833847,0.020045489669642945,0.1411655374318139,False,95,1000
two-unseen-drug,two_unseen,sim_mean,fixed,1,0.4,0.5,0.40–0.50,cold2,1,accuracy,0.0536480686695279,-0.012154605263157894,0.11134092376874687,True,95,1000
two-unseen-drug,two_unseen,sim_mean,fixed,1,0.4,0.5,0.40–0.50,pooled_cold,3,macro_f1_all,0.025825182481136678,0.010405651616881909,0.03287981584716624,False,280,1000
two-unseen-drug,two_unseen,sim_mean,fixed,1,0.4,0.5,0.40–0.50,pooled_cold,3,macro_f1_supported,0.07043099436928754,0.028457933283443863,0.08980803117404405,False,280,1000
two-unseen-drug,two_unseen,sim_mean,fixed,1,0.4,0.5,0.40–0.50,pooled_cold,3,accuracy,0.03702347170307179,0.006702630723115076,0.06957359437873861,False,280,1000
two-unseen-drug,two_unseen,sim_mean,fixed,2,0.5,0.6,0.50–0.60,cold0,1,macro_f1_all,0.04562044857213539,0.01108655182027329,0.06658956566865978,False,103,1000
two-unseen-drug,two_unseen,sim_mean,fixed,2,0.5,0.6,0.50–0.60,cold0,1,macro_f1_supported,0.11539289932951896,0.02804245460422071,0.16843243080896297,False,103,1000
two-unseen-drug,two_unseen,sim_mean,fixed,2,0.5,0.6,0.50–0.60,cold0,1,accuracy,0.05546218487394958,0.0034229337133400753,0.11156942964210816,False,103,1000
two-unseen-drug,two_unseen,sim_mean,fixed,2,0.5,0.6,0.50–0.60,cold1,1,macro_f1_all,0.01596764621161538,-0.0026597643668630202,0.03828526731626988,True,106,1000
two-unseen-drug,two_unseen,sim_mean,fixed,2,0.5,0.6,0.50–0.60,cold1,1,macro_f1_supported,0.04291304919371636,-0.007148116735944349,0.10289165591247532,True,106,1000
two-unseen-drug,two_unseen,sim_mean,fixed,2,0.5,0.6,0.50–0.60,cold1,1,accuracy,0.0017889087656529517,-0.04742150684419178,0.04963235294117647,True,106,1000
two-unseen-drug,two_unseen,sim_mean,fixed,2,0.5,0.6,0.50–0.60,cold2,1,macro_f1_all,0.003614883995534751,-0.010227334245576281,0.034136752006399824,True,97,1000
two-unseen-drug,two_unseen,sim_mean,fixed,2,0.5,0.6,0.50–0.60,cold2,1,macro_f1_supported,0.010028387858580234,-0.028372604681276108,0.09470195717904471,True,97,1000
two-unseen-drug,two_unseen,sim_mean,fixed,2,0.5,0.6,0.50–0.60,cold2,1,accuracy,0.021739130434782608,-0.024765263781861294,0.07037393162393163,True,97,1000
two-unseen-drug,two_unseen,sim_mean,fixed,2,0.5,0.6,0.50–0.60,pooled_cold,3,macro_f1_all,0.02173432625976184,0.008875558160762157,0.038393845637271364,False,280,1000
two-unseen-drug,two_unseen,sim_mean,fixed,2,0.5,0.6,0.50–0.60,pooled_cold,3,macro_f1_supported,0.05611144546060518,0.023690481776680004,0.10074544687273679,False,280,1000
two-unseen-drug,two_unseen,sim_mean,fixed,2,0.5,0.6,0.50–0.60,pooled_cold,3,accuracy,0.026330074691461713,-0.0033923762114965003,0.05554929673018001,True,280,1000
two-unseen-drug,two_unseen,sim_mean,fixed,3,0.6,0.7,0.60–0.70,cold0,1,macro_f1_all,0.021837537109953245,0.002662094508272186,0.03614920974525648,False,67,1000
two-unseen-drug,two_unseen,sim_mean,fixed,3,0.6,0.7,0.60–0.70,cold0,1,macro_f1_supported,0.06955659968355482,0.008479263989311451,0.11514192733674289,False,67,1000
two-unseen-drug,two_unseen,sim_mean,fixed,3,0.6,0.7,0.60–0.70,cold0,1,accuracy,-0.0026666666666666666,-0.04062978316326531,0.0418856005266953,True,67,1000
two-unseen-drug,two_unseen,sim_mean,fixed,3,0.6,0.7,0.60–0.70,cold1,1,macro_f1_all,0.02596262269597352,0.0027009322557477464,0.03842438699729559,False,74,1000
two-unseen-drug,two_unseen,sim_mean,fixed,3,0.6,0.7,0.60–0.70,cold1,1,macro_f1_supported,0.08269576117976746,0.008602969407196554,0.12238878821360823,False,74,1000
two-unseen-drug,two_unseen,sim_mean,fixed,3,0.6,0.7,0.60–0.70,cold1,1,accuracy,0.04081632653061224,-0.007293313012719199,0.08406800822561691,True,74,1000
two-unseen-drug,two_unseen,sim_mean,fixed,3,0.6,0.7,0.60–0.70,cold2,1,macro_f1_all,0.0368058961279962,0.006931307286752759,0.04702808111815427,False,62,1000
two-unseen-drug,two_unseen,sim_mean,fixed,3,0.6,0.7,0.60–0.70,cold2,1,macro_f1_supported,0.11304668096455978,0.02128901523788346,0.14444339200575954,False,62,1000
two-unseen-drug,two_unseen,sim_mean,fixed,3,0.6,0.7,0.60–0.70,cold2,1,accuracy,0.047619047619047616,-0.01296571184038086,0.10499378367177786,True,62,1000
two-unseen-drug,two_unseen,sim_mean,fixed,3,0.6,0.7,0.60–0.70,pooled_cold,3,macro_f1_all,0.02820201864464099,0.012418500516471215,0.03325174636671768,False,186,1000
two-unseen-drug,two_unseen,sim_mean,fixed,3,0.6,0.7,0.60–0.70,pooled_cold,3,macro_f1_supported,0.08843301394262736,0.03904116208164636,0.10480477783334526,False,186,1000
two-unseen-drug,two_unseen,sim_mean,fixed,3,0.6,0.7,0.60–0.70,pooled_cold,3,accuracy,0.028589569160997735,-0.00030549010772046667,0.05716495386279705,True,186,1000
two-unseen-drug,two_unseen,sim_mean,fixed,4,0.7,1.0,0.70–1.00,cold0,1,macro_f1_all,0.0010202736511986665,-0.006416603115187997,0.012085996397457801,True,38,1000
two-unseen-drug,two_unseen,sim_mean,fixed,4,0.7,1.0,0.70–1.00,cold0,1,macro_f1_supported,0.006267395285934618,-0.03941627627901198,0.07424254929866932,True,38,1000
two-unseen-drug,two_unseen,sim_mean,fixed,4,0.7,1.0,0.70–1.00,cold0,1,accuracy,0.0,-0.04546614100185529,0.03984462151394422,True,38,1000
two-unseen-drug,two_unseen,sim_mean,fixed,4,0.7,1.0,0.70–1.00,cold1,1,macro_f1_all,0.005175185830806936,-0.010128599150248078,0.021570888097306142,True,40,1000
two-unseen-drug,two_unseen,sim_mean,fixed,4,0.7,1.0,0.70–1.00,cold1,1,macro_f1_supported,0.023424525339441782,-0.04584523825901769,0.09763665138780672,True,40,1000
two-unseen-drug,two_unseen,sim_mean,fixed,4,0.7,1.0,0.70–1.00,cold1,1,accuracy,-0.026490066225165563,-0.0705518018018018,0.019624403815580272,True,40,1000
two-unseen-drug,two_unseen,sim_mean,fixed,4,0.7,1.0,0.70–1.00,cold2,1,macro_f1_all,0.03048576936427394,0.003848239953787056,0.03522038028004915,False,35,1000
two-unseen-drug,two_unseen,sim_mean,fixed,4,0.7,1.0,0.70–1.00,cold2,1,macro_f1_supported,0.1542221273722092,0.01946756682504046,0.17817368847554277,False,35,1000
two-unseen-drug,two_unseen,sim_mean,fixed,4,0.7,1.0,0.70–1.00,cold2,1,accuracy,0.04,-0.02117998689813298,0.09924019724052913,True,35,1000
two-unseen-drug,two_unseen,sim_mean,fixed,4,0.7,1.0,0.70–1.00,pooled_cold,3,macro_f1_all,0.01222707628209318,0.0011954390514112552,0.018417739487093493,False,106,1000
two-unseen-drug,two_unseen,sim_mean,fixed,4,0.7,1.0,0.70–1.00,pooled_cold,3,macro_f1_supported,0.061304682665861865,0.005105968612910531,0.09307694194289878,False,106,1000
two-unseen-drug,two_unseen,sim_mean,fixed,4,0.7,1.0,0.70–1.00,pooled_cold,3,accuracy,0.004503311258278146,-0.021824328965907035,0.03289704142493248,True,106,1000
two-unseen-drug,two_unseen,sim_mean,validation_quartile,0,0.0,0.3333333432674408,0.00–0.33,cold0,1,macro_f1_all,0.0007495165322136468,-0.001942739050994514,0.006788497978777039,True,52,1000
two-unseen-drug,two_unseen,sim_mean,validation_quartile,0,0.0,0.3333333432674408,0.00–0.33,cold0,1,macro_f1_supported,0.0033925485142301953,-0.008793450441343583,0.030726885588148692,True,52,1000
two-unseen-drug,two_unseen,sim_mean,validation_quartile,0,0.0,0.3333333432674408,0.00–0.33,cold0,1,accuracy,-0.017142857142857144,-0.08871965825614819,0.06713692188284708,True,52,1000
two-unseen-drug,two_unseen,sim_mean,validation_quartile,0,0.0,0.3333333432674408,0.00–0.33,cold1,1,macro_f1_all,-0.002316241864629612,-0.008263031446284217,0.001891632640704908,True,51,1000
two-unseen-drug,two_unseen,sim_mean,validation_quartile,0,0.0,0.3333333432674408,0.00–0.33,cold1,1,macro_f1_supported,-0.011066488908785924,-0.039478928021135715,0.009037800394479,True,51,1000
two-unseen-drug,two_unseen,sim_mean,validation_quartile,0,0.0,0.3333333432674408,0.00–0.33,cold1,1,accuracy,-0.07017543859649122,-0.12443836405529954,-0.017083333333333346,False,51,1000
two-unseen-drug,two_unseen,sim_mean,validation_quartile,0,0.0,0.3333333432674408,0.00–0.33,cold2,1,macro_f1_all,0.011287979537842758,-0.0002517008114025784,0.020470109181762734,True,50,1000
two-unseen-drug,two_unseen,sim_mean,validation_quartile,0,0.0,0.3333333432674408,0.00–0.33,cold2,1,macro_f1_supported,0.08825147638677065,-0.0019678427073292456,0.16003903542105408,True,50,1000
two-unseen-drug,two_unseen,sim_mean,validation_quartile,0,0.0,0.3333333432674408,0.00–0.33,cold2,1,accuracy,0.010101010101010102,-0.10940305593922652,0.13702699037026986,True,50,1000
two-unseen-drug,two_unseen,sim_mean,validation_quartile,0,0.0,0.3333333432674408,0.00–0.33,pooled_cold,3,macro_f1_all,0.0032404180684755973,-0.0014792010040395388,0.007224985224292692,True,146,1000
two-unseen-drug,two_unseen,sim_mean,validation_quartile,0,0.0,0.3333333432674408,0.00–0.33,pooled_cold,3,macro_f1_supported,0.026859178664071642,-0.006431607414506142,0.053884844591943676,True,146,1000
two-unseen-drug,two_unseen,sim_mean,validation_quartile,0,0.0,0.3333333432674408,0.00–0.33,pooled_cold,3,accuracy,-0.025739095212779423,-0.08591547067904902,0.034133246831083576,True,146,1000
two-unseen-drug,two_unseen,sim_mean,validation_quartile,1,0.3333333432674408,0.5,0.33–0.50,cold0,1,macro_f1_all,0.040630763970838285,0.01075861422633964,0.05346630710647719,False,104,1000
two-unseen-drug,two_unseen,sim_mean,validation_quartile,1,0.3333333432674408,0.5,0.33–0.50,cold0,1,macro_f1_supported,0.09706238059700258,0.025701133985144696,0.1277250669765844,False,104,1000
two-unseen-drug,two_unseen,sim_mean,validation_quartile,1,0.3333333432674408,0.5,0.33–0.50,cold0,1,accuracy,0.054016620498614956,-0.0014251361078631976,0.11228227568149599,True,104,1000
two-unseen-drug,two_unseen,sim_mean,validation_quartile,1,0.3333333432674408,0.5,0.33–0.50,cold1,1,macro_f1_all,0.010174814384259281,-0.006764413698039695,0.031301699057368605,True,115,1000
two-unseen-drug,two_unseen,sim_mean,validation_quartile,1,0.3333333432674408,0.5,0.33–0.50,cold1,1,macro_f1_supported,0.026516182940796912,-0.017628472061557994,0.08157412481617275,True,115,1000
two-unseen-drug,two_unseen,sim_mean,validation_quartile,1,0.3333333432674408,0.5,0.33–0.50,cold1,1,accuracy,0.01256281407035176,-0.022739775505667924,0.04922715991486002,True,115,1000
two-unseen-drug,two_unseen,sim_mean,validation_quartile,1,0.3333333432674408,0.5,0.33–0.50,cold2,1,macro_f1_all,0.032397635975892305,0.006851100608434897,0.04341565327984672,False,104,1000
two-unseen-drug,two_unseen,sim_mean,validation_quartile,1,0.3333333432674408,0.5,0.33–0.50,cold2,1,macro_f1_supported,0.08706864668521054,0.018412332885168782,0.11667956818958805,False,104,1000
two-unseen-drug,two_unseen,sim_mean,validation_quartile,1,0.3333333432674408,0.5,0.33–0.50,cold2,1,accuracy,0.054304635761589407,0.007374497374035779,0.10296263438054483,False,104,1000
two-unseen-drug,two_unseen,sim_mean,validation_quartile,1,0.3333333432674408,0.5,0.33–0.50,pooled_cold,3,macro_f1_all,0.027734404776996624,0.012248077198033606,0.03370834756436415,False,298,1000
two-unseen-drug,two_unseen,sim_mean,validation_quartile,1,0.3333333432674408,0.5,0.33–0.50,pooled_cold,3,macro_f1_supported,0.07021573674100334,0.030053698653737457,0.08550791456496147,False,298,1000
two-unseen-drug,two_unseen,sim_mean,validation_quartile,1,0.3333333432674408,0.5,0.33–0.50,pooled_cold,3,accuracy,0.040294690110185376,0.011206647998646645,0.0699916234231984,False,298,1000
two-unseen-drug,two_unseen,sim_mean,validation_quartile,2,0.5,0.6666666865348816,0.50–0.67,cold0,1,macro_f1_all,0.02626875200792414,0.008395900279972836,0.056207463548778806,False,106,1000
two-unseen-drug,two_unseen,sim_mean,validation_quartile,2,0.5,0.6666666865348816,0.50–0.67,cold0,1,macro_f1_supported,0.06275312979670761,0.020056872891046185,0.13427338514430495,False,106,1000
two-unseen-drug,two_unseen,sim_mean,validation_quartile,2,0.5,0.6666666865348816,0.50–0.67,cold0,1,accuracy,0.03480278422273782,-0.008554083885209713,0.08761786669038148,True,106,1000
two-unseen-drug,two_unseen,sim_mean,validation_quartile,2,0.5,0.6666666865348816,0.50–0.67,cold1,1,macro_f1_all,0.024318113669719338,0.001925247379523907,0.04301157711325252,False,113,1000
two-unseen-drug,two_unseen,sim_mean,validation_quartile,2,0.5,0.6666666865348816,0.50–0.67,cold1,1,macro_f1_supported,0.06151052281164304,0.004869743371736939,0.10879398916881518,False,113,1000
two-unseen-drug,two_unseen,sim_mean,validation_quartile,2,0.5,0.6666666865348816,0.50–0.67,cold1,1,accuracy,0.019675925925925927,-0.02135853551943383,0.06019163888213303,True,113,1000
two-unseen-drug,two_unseen,sim_mean,validation_quartile,2,0.5,0.6666666865348816,0.50–0.67,cold2,1,macro_f1_all,0.0077217075605939545,-0.006328845650287335,0.032949570413374416,True,99,1000
two-unseen-drug,two_unseen,sim_mean,validation_quartile,2,0.5,0.6666666865348816,0.50–0.67,cold2,1,macro_f1_supported,0.02012323788518422,-0.016493355331051875,0.08586857744091511,True,99,1000
two-unseen-drug,two_unseen,sim_mean,validation_quartile,2,0.5,0.6666666865348816,0.50–0.67,cold2,1,accuracy,0.03571428571428571,-0.0043361194745277784,0.0798619051238552,True,99,1000
two-unseen-drug,two_unseen,sim_mean,validation_quartile,2,0.5,0.6666666865348816,0.50–0.67,pooled_cold,3,macro_f1_all,0.01943619107941248,0.01034443643343832,0.03544137430263349,False,289,1000
two-unseen-drug,two_unseen,sim_mean,validation_quartile,2,0.5,0.6666666865348816,0.50–0.67,pooled_cold,3,macro_f1_supported,0.04812896349784496,0.026184302793015406,0.08803958903513073,False,289,1000
two-unseen-drug,two_unseen,sim_mean,validation_quartile,2,0.5,0.6666666865348816,0.50–0.67,pooled_cold,3,accuracy,0.030064331954316487,0.004951047594419357,0.05691577809097138,False,289,1000
two-unseen-drug,two_unseen,sim_mean,validation_quartile,3,0.6666666865348816,1.0,0.67–1.00,cold0,1,macro_f1_all,0.01846093787650499,0.001639990890853512,0.02563478013999935,False,50,1000
two-unseen-drug,two_unseen,sim_mean,validation_quartile,3,0.6666666865348816,1.0,0.67–1.00,cold0,1,macro_f1_supported,0.08356003459891748,0.007423116663863282,0.11603111010736547,False,50,1000
two-unseen-drug,two_unseen,sim_mean,validation_quartile,3,0.6666666865348816,1.0,0.67–1.00,cold0,1,accuracy,0.00641025641025641,-0.030686185576854215,0.04318282216332196,True,50,1000
two-unseen-drug,two_unseen,sim_mean,validation_quartile,3,0.6666666865348816,1.0,0.67–1.00,cold1,1,macro_f1_all,0.022625767180615486,0.001831775652369239,0.03732339013347558,False,53,1000
two-unseen-drug,two_unseen,sim_mean,validation_quartile,3,0.6666666865348816,1.0,0.67–1.00,cold1,1,macro_f1_supported,0.08844618079695149,0.007160577550170694,0.14590052506722273,False,53,1000
two-unseen-drug,two_unseen,sim_mean,validation_quartile,3,0.6666666865348816,1.0,0.67–1.00,cold1,1,accuracy,-0.01680672268907563,-0.05381771906435584,0.024769256586675604,True,53,1000
two-unseen-drug,two_unseen,sim_mean,validation_quartile,3,0.6666666865348816,1.0,0.67–1.00,cold2,1,macro_f1_all,0.03609081884031651,0.0023028877193582075,0.05037397375794306,False,44,1000
two-unseen-drug,two_unseen,sim_mean,validation_quartile,3,0.6666666865348816,1.0,0.67–1.00,cold2,1,macro_f1_supported,0.14108229183032817,0.009002197448400187,0.19691644287195922,False,44,1000
two-unseen-drug,two_unseen,sim_mean,validation_quartile,3,0.6666666865348816,1.0,0.67–1.00,cold2,1,accuracy,0.02145922746781116,-0.025321299405838285,0.060476331011686923,True,44,1000
two-unseen-drug,two_unseen,sim_mean,validation_quartile,3,0.6666666865348816,1.0,0.67–1.00,pooled_cold,3,macro_f1_all,0.025725841299145662,0.009666114893108426,0.031248643164895666,False,134,1000
two-unseen-drug,two_unseen,sim_mean,validation_quartile,3,0.6666666865348816,1.0,0.67–1.00,pooled_cold,3,macro_f1_supported,0.10436283574206572,0.03990635633401062,0.12675382617014191,False,134,1000
two-unseen-drug,two_unseen,sim_mean,validation_quartile,3,0.6666666865348816,1.0,0.67–1.00,pooled_cold,3,accuracy,0.003687587062997313,-0.020158894545999673,0.02746919814119761,True,134,1000
