protocol,test_set,similarity_measure,scheme,bin,left,right,interval,split,model,n_pairs,n_supported_labels,accuracy,macro_f1_supported,macro_f1_all,top5
one-unseen-drug,one_unseen,heldout,fixed,0,0.0,0.3,0.00–0.30,cold0,XGBoost (ordered fp),5083,42,0.4997048986818808,0.37213990305028344,0.18174274335013843,0.9246507967735589
one-unseen-drug,one_unseen,heldout,fixed,0,0.0,0.3,0.00–0.30,cold0,gnn unweighted,5083,42,0.4711784379303561,0.37708016407005046,0.18415542896444326,0.8416289592760181
one-unseen-drug,one_unseen,heldout,fixed,0,0.0,0.3,0.00–0.30,cold1,XGBoost (ordered fp),7180,49,0.4733983286908078,0.37167869025022665,0.21177041653791984,0.8533426183844011
one-unseen-drug,one_unseen,heldout,fixed,0,0.0,0.3,0.00–0.30,cold1,gnn unweighted,7180,49,0.43997214484679664,0.3620584022860152,0.20628908967459006,0.7685236768802228
one-unseen-drug,one_unseen,heldout,fixed,0,0.0,0.3,0.00–0.30,cold2,XGBoost (ordered fp),3754,37,0.5106553010122536,0.3956615877076143,0.17022649703699685,0.9286094832179009
one-unseen-drug,one_unseen,heldout,fixed,0,0.0,0.3,0.00–0.30,cold2,gnn unweighted,3754,37,0.5412892914224827,0.4178811420175088,0.17978607272846306,0.8686734150239744
one-unseen-drug,one_unseen,heldout,fixed,1,0.3,0.4,0.30–0.40,cold0,XGBoost (ordered fp),5229,64,0.5285905526869382,0.4241815881155172,0.31567001906271047,0.899215911264104
one-unseen-drug,one_unseen,heldout,fixed,1,0.3,0.4,0.30–0.40,cold0,gnn unweighted,5229,64,0.6031746031746031,0.4670709608780982,0.3475876918162591,0.9259896729776248
one-unseen-drug,one_unseen,heldout,fixed,1,0.3,0.4,0.30–0.40,cold1,XGBoost (ordered fp),3904,47,0.6070696721311475,0.48499086625243615,0.26505314783563366,0.8942110655737705
one-unseen-drug,one_unseen,heldout,fixed,1,0.3,0.4,0.30–0.40,cold1,gnn unweighted,3904,47,0.6188524590163934,0.5385292698692199,0.29431250795178293,0.8616803278688525
one-unseen-drug,one_unseen,heldout,fixed,1,0.3,0.4,0.30–0.40,cold2,XGBoost (ordered fp),7304,49,0.5698247535596933,0.4883424654288906,0.27824163727925155,0.9322289156626506
one-unseen-drug,one_unseen,heldout,fixed,1,0.3,0.4,0.30–0.40,cold2,gnn unweighted,7304,49,0.6017250821467689,0.46791614615786586,0.2666033856015747,0.8914293537787513
one-unseen-drug,one_unseen,heldout,fixed,2,0.4,0.5,0.40–0.50,cold0,XGBoost (ordered fp),4066,56,0.677570093457944,0.6794314139165961,0.44242045557359744,0.9569601574028529
one-unseen-drug,one_unseen,heldout,fixed,2,0.4,0.5,0.40–0.50,cold0,gnn unweighted,4066,56,0.7688145597638957,0.6666545661311994,0.4341006477133392,0.9758976881455976
one-unseen-drug,one_unseen,heldout,fixed,2,0.4,0.5,0.40–0.50,cold1,XGBoost (ordered fp),3929,44,0.6889793840671927,0.7248590602640888,0.37085812385604544,0.9554594044286078
one-unseen-drug,one_unseen,heldout,fixed,2,0.4,0.5,0.40–0.50,cold1,gnn unweighted,3929,44,0.7108679053194197,0.6615588771986084,0.33847198368300896,0.9717485365232884
one-unseen-drug,one_unseen,heldout,fixed,2,0.4,0.5,0.40–0.50,cold2,XGBoost (ordered fp),5068,49,0.5668902920284136,0.5435858614369692,0.30971752570245914,0.8979873717442778
one-unseen-drug,one_unseen,heldout,fixed,2,0.4,0.5,0.40–0.50,cold2,gnn unweighted,5068,49,0.6582478295185478,0.624797446250658,0.35598924263118886,0.9084451460142068
one-unseen-drug,one_unseen,heldout,fixed,3,0.5,0.6,0.50–0.60,cold0,XGBoost (ordered fp),6033,54,0.7397646278799934,0.6918409068298056,0.43441173219545937,0.9753025029007127
one-unseen-drug,one_unseen,heldout,fixed,3,0.5,0.6,0.50–0.60,cold0,gnn unweighted,6033,54,0.7891596220785678,0.7690976997535809,0.48292181147317875,0.9829272335488148
one-unseen-drug,one_unseen,heldout,fixed,3,0.5,0.6,0.50–0.60,cold1,XGBoost (ordered fp),6707,61,0.7323691665424183,0.7191357980083853,0.5100846939361804,0.9588489637691964
one-unseen-drug,one_unseen,heldout,fixed,3,0.5,0.6,0.50–0.60,cold1,gnn unweighted,6707,61,0.7954376025048456,0.7655325164950182,0.5429939942580942,0.9680930371253914
one-unseen-drug,one_unseen,heldout,fixed,3,0.5,0.6,0.50–0.60,cold2,XGBoost (ordered fp),4666,56,0.7775396485212173,0.7286905473215428,0.47449617034891167,0.982426060865838
one-unseen-drug,one_unseen,heldout,fixed,3,0.5,0.6,0.50–0.60,cold2,gnn unweighted,4666,56,0.8506215173596228,0.8415512049044688,0.5479868311005842,0.9890698671238748
one-unseen-drug,one_unseen,heldout,fixed,4,0.6,0.7,0.60–0.70,cold0,XGBoost (ordered fp),4779,51,0.7175141242937854,0.7486540037617845,0.4439692347889653,0.9158819836785939
one-unseen-drug,one_unseen,heldout,fixed,4,0.6,0.7,0.60–0.70,cold0,gnn unweighted,4779,51,0.7329985352584223,0.7563164338677271,0.4485132340378381,0.9106507637581084
one-unseen-drug,one_unseen,heldout,fixed,4,0.6,0.7,0.60–0.70,cold1,XGBoost (ordered fp),4239,56,0.8044350082566643,0.813341849302871,0.5296179483832648,0.9568294409058741
one-unseen-drug,one_unseen,heldout,fixed,4,0.6,0.7,0.60–0.70,cold1,gnn unweighted,4239,56,0.8294409058740269,0.8092188203368694,0.526933185335636,0.9943382873319179
one-unseen-drug,one_unseen,heldout,fixed,4,0.6,0.7,0.60–0.70,cold2,XGBoost (ordered fp),3906,53,0.731694828469022,0.7431144364566775,0.4579658736302779,0.9231950844854071
one-unseen-drug,one_unseen,heldout,fixed,4,0.6,0.7,0.60–0.70,cold2,gnn unweighted,3906,53,0.77547363031234,0.7050822720502488,0.4345274467286417,0.931899641577061
one-unseen-drug,one_unseen,heldout,fixed,5,0.7,0.8,0.70–0.80,cold0,XGBoost (ordered fp),4775,56,0.7323560209424084,0.7362201560610632,0.4793991713885992,0.951413612565445
one-unseen-drug,one_unseen,heldout,fixed,5,0.7,0.8,0.70–0.80,cold0,gnn unweighted,4775,56,0.7394764397905759,0.7360074299965744,0.47926065209079266,0.9455497382198953
one-unseen-drug,one_unseen,heldout,fixed,5,0.7,0.8,0.70–0.80,cold1,XGBoost (ordered fp),5259,41,0.803384673892375,0.8670357306337336,0.41335424367422186,0.9811751283513976
one-unseen-drug,one_unseen,heldout,fixed,5,0.7,0.8,0.70–0.80,cold1,gnn unweighted,5259,41,0.8328579577866515,0.8593795853876738,0.4097042209406352,0.9864993344742347
one-unseen-drug,one_unseen,heldout,fixed,5,0.7,0.8,0.70–0.80,cold2,XGBoost (ordered fp),5070,45,0.8076923076923077,0.8670361703624305,0.453681717050109,0.9925049309664694
one-unseen-drug,one_unseen,heldout,fixed,5,0.7,0.8,0.70–0.80,cold2,gnn unweighted,5070,45,0.8603550295857988,0.8922268316427038,0.466862877022345,0.9668639053254438
one-unseen-drug,one_unseen,heldout,fixed,6,0.8,1.0,0.80–1.00,cold0,XGBoost (ordered fp),2228,40,0.7127468581687613,0.8486649422580399,0.3947278801200186,0.9865350089766607
one-unseen-drug,one_unseen,heldout,fixed,6,0.8,1.0,0.80–1.00,cold0,gnn unweighted,2228,40,0.731149012567325,0.8101126978466409,0.3767966036496003,0.8716337522441652
one-unseen-drug,one_unseen,heldout,fixed,6,0.8,1.0,0.80–1.00,cold1,XGBoost (ordered fp),944,29,0.8167372881355932,0.8570354668570512,0.28900033184714513,1.0
one-unseen-drug,one_unseen,heldout,fixed,6,0.8,1.0,0.80–1.00,cold1,gnn unweighted,944,29,0.8146186440677966,0.8671893594709295,0.2924243188913599,0.9925847457627118
one-unseen-drug,one_unseen,heldout,fixed,6,0.8,1.0,0.80–1.00,cold2,XGBoost (ordered fp),1733,32,0.8695903058280439,0.8477809018319862,0.3154533588212042,0.996537795729948
one-unseen-drug,one_unseen,heldout,fixed,6,0.8,1.0,0.80–1.00,cold2,gnn unweighted,1733,32,0.86266589728794,0.8961295663334576,0.33344355956593774,0.9930755914598961
one-unseen-drug,one_unseen,heldout,validation_quartile,0,0.0,0.3333333432674408,0.00–0.33,cold0,XGBoost (ordered fp),6932,53,0.5321696480092325,0.36074069223349825,0.22231693823692336,0.9138776687824581
one-unseen-drug,one_unseen,heldout,validation_quartile,0,0.0,0.3333333432674408,0.00–0.33,cold0,gnn unweighted,6932,53,0.522937103289094,0.3531505232753414,0.2176392759720127,0.8661281015579919
one-unseen-drug,one_unseen,heldout,validation_quartile,0,0.0,0.3333333432674408,0.00–0.33,cold1,XGBoost (ordered fp),8093,54,0.4768318299765229,0.38908880399978907,0.24431157460451872,0.8520944025701224
one-unseen-drug,one_unseen,heldout,validation_quartile,0,0.0,0.3333333432674408,0.00–0.33,cold1,gnn unweighted,8093,54,0.4634869640430001,0.38328999543426473,0.24067046224942204,0.7804275299641665
one-unseen-drug,one_unseen,heldout,validation_quartile,0,0.0,0.3333333432674408,0.00–0.33,cold2,XGBoost (ordered fp),7324,46,0.5578918623702894,0.4812416465428226,0.2574083225694167,0.9175314036045876
one-unseen-drug,one_unseen,heldout,validation_quartile,0,0.0,0.3333333432674408,0.00–0.33,cold2,gnn unweighted,7324,46,0.5689513926815948,0.43789006792054386,0.2342202688877327,0.8813489896231568
one-unseen-drug,one_unseen,heldout,validation_quartile,1,0.3333333432674408,0.5,0.33–0.50,cold0,XGBoost (ordered fp),7446,73,0.5868922911630405,0.5844562961480323,0.4961082513814693,0.9344614558152028
one-unseen-drug,one_unseen,heldout,validation_quartile,1,0.3333333432674408,0.5,0.33–0.50,cold0,gnn unweighted,7446,73,0.6782164920762825,0.5889952229707488,0.4999610613588914,0.9513832930432446
one-unseen-drug,one_unseen,heldout,validation_quartile,1,0.3333333432674408,0.5,0.33–0.50,cold1,XGBoost (ordered fp),6920,52,0.6671965317919075,0.6518185135985171,0.39412282217584754,0.9358381502890173
one-unseen-drug,one_unseen,heldout,validation_quartile,1,0.3333333432674408,0.5,0.33–0.50,cold1,gnn unweighted,6920,52,0.6671965317919075,0.5830346863956547,0.3525326010764424,0.922543352601156
one-unseen-drug,one_unseen,heldout,validation_quartile,1,0.3333333432674408,0.5,0.33–0.50,cold2,XGBoost (ordered fp),8802,60,0.5528289025221541,0.48875628556501255,0.3409927573709389,0.9231992728925245
one-unseen-drug,one_unseen,heldout,validation_quartile,1,0.3333333432674408,0.5,0.33–0.50,cold2,gnn unweighted,8802,60,0.635764598954783,0.5637139619753851,0.39328881068050137,0.8999091115655533
one-unseen-drug,one_unseen,heldout,validation_quartile,2,0.5,0.6666666865348816,0.50–0.67,cold0,XGBoost (ordered fp),8394,62,0.7803192756730999,0.7220936912136482,0.5205791727354208,0.9793900405051227
one-unseen-drug,one_unseen,heldout,validation_quartile,2,0.5,0.6666666865348816,0.50–0.67,cold0,gnn unweighted,8394,62,0.8160590898260662,0.7986981859811497,0.5758056689631544,0.9860614724803431
one-unseen-drug,one_unseen,heldout,validation_quartile,2,0.5,0.6666666865348816,0.50–0.67,cold1,XGBoost (ordered fp),9773,68,0.7549370715235854,0.724774867035019,0.573077801841643,0.9635731095876394
one-unseen-drug,one_unseen,heldout,validation_quartile,2,0.5,0.6666666865348816,0.50–0.67,cold1,gnn unweighted,9773,68,0.8110099253044101,0.7563143316154909,0.59801598313783,0.9768750639517036
one-unseen-drug,one_unseen,heldout,validation_quartile,2,0.5,0.6666666865348816,0.50–0.67,cold2,XGBoost (ordered fp),7381,65,0.768730524319198,0.742396196390722,0.5611134042488014,0.9555615770220838
one-unseen-drug,one_unseen,heldout,validation_quartile,2,0.5,0.6666666865348816,0.50–0.67,cold2,gnn unweighted,7381,65,0.8166915052160953,0.7981914130997123,0.6032842075753639,0.9607099309036716
one-unseen-drug,one_unseen,heldout,validation_quartile,3,0.6666666865348816,1.0,0.67–1.00,cold0,XGBoost (ordered fp),9421,63,0.6821993418957648,0.739832021494596,0.5419699692344135,0.932066659590277
one-unseen-drug,one_unseen,heldout,validation_quartile,3,0.6666666865348816,1.0,0.67–1.00,cold0,gnn unweighted,9421,63,0.697802781021123,0.7347038578730369,0.5382132912325736,0.8982061352298057
one-unseen-drug,one_unseen,heldout,validation_quartile,3,0.6666666865348816,1.0,0.67–1.00,cold1,XGBoost (ordered fp),7376,60,0.8053145336225597,0.8510715461780356,0.5937708461707225,0.9726138828633406
one-unseen-drug,one_unseen,heldout,validation_quartile,3,0.6666666865348816,1.0,0.67–1.00,cold1,gnn unweighted,7376,60,0.8234815618221258,0.8684377038361044,0.6058867701182125,0.9877982646420824
one-unseen-drug,one_unseen,heldout,validation_quartile,3,0.6666666865348816,1.0,0.67–1.00,cold2,XGBoost (ordered fp),7994,55,0.8023517638228671,0.8327088406859116,0.532546351601455,0.9877408056042032
one-unseen-drug,one_unseen,heldout,validation_quartile,3,0.6666666865348816,1.0,0.67–1.00,cold2,gnn unweighted,7994,55,0.8540155116337252,0.8475497714719737,0.5420376445460298,0.9741055791843883
two-unseen-drug,two_unseen,sim_min,fixed,0,0.0,0.3,0.00–0.30,cold0,XGBoost (ordered fp),569,24,0.3110720562390158,0.05650045264933826,0.015767568181210678,0.8224956063268892
two-unseen-drug,two_unseen,sim_min,fixed,0,0.0,0.3,0.00–0.30,cold0,gnn unweighted,569,24,0.3093145869947276,0.07621414194619092,0.021269062868704443,0.6432337434094904
two-unseen-drug,two_unseen,sim_min,fixed,0,0.0,0.3,0.00–0.30,cold1,XGBoost (ordered fp),818,31,0.2982885085574572,0.16165834189096184,0.058272193007207186,0.7359413202933985
two-unseen-drug,two_unseen,sim_min,fixed,0,0.0,0.3,0.00–0.30,cold1,gnn unweighted,818,31,0.2701711491442543,0.13654379212698964,0.049219273906240445,0.6259168704156479
two-unseen-drug,two_unseen,sim_min,fixed,0,0.0,0.3,0.00–0.30,cold2,XGBoost (ordered fp),457,16,0.33260393873085337,0.1550074926482259,0.028838603283390864,0.8533916849015317
two-unseen-drug,two_unseen,sim_min,fixed,0,0.0,0.3,0.00–0.30,cold2,gnn unweighted,457,16,0.33698030634573306,0.16449202873058424,0.030603168135922655,0.7155361050328227
two-unseen-drug,two_unseen,sim_min,fixed,1,0.3,0.4,0.30–0.40,cold0,XGBoost (ordered fp),539,34,0.36363636363636365,0.1287614587741379,0.05090569300372893,0.7773654916512059
two-unseen-drug,two_unseen,sim_min,fixed,1,0.3,0.4,0.30–0.40,cold0,gnn unweighted,539,34,0.4322820037105751,0.2302258310690312,0.09101951460868675,0.7680890538033395
two-unseen-drug,two_unseen,sim_min,fixed,1,0.3,0.4,0.30–0.40,cold1,XGBoost (ordered fp),375,28,0.4826666666666667,0.23633226071996846,0.07694538721115253,0.8213333333333334
two-unseen-drug,two_unseen,sim_min,fixed,1,0.3,0.4,0.30–0.40,cold1,gnn unweighted,375,28,0.49066666666666664,0.35253839422804945,0.1147799423068068,0.7866666666666666
two-unseen-drug,two_unseen,sim_min,fixed,1,0.3,0.4,0.30–0.40,cold2,XGBoost (ordered fp),678,27,0.42035398230088494,0.1583865003553253,0.04972599429760213,0.8584070796460177
two-unseen-drug,two_unseen,sim_min,fixed,1,0.3,0.4,0.30–0.40,cold2,gnn unweighted,678,27,0.4469026548672566,0.25886355538320793,0.08127111622496062,0.7595870206489675
two-unseen-drug,two_unseen,sim_min,fixed,2,0.4,0.5,0.40–0.50,cold0,XGBoost (ordered fp),335,26,0.4626865671641791,0.38656339507777315,0.1168680031630477,0.8776119402985074
two-unseen-drug,two_unseen,sim_min,fixed,2,0.4,0.5,0.40–0.50,cold0,gnn unweighted,335,26,0.564179104477612,0.4418490368109615,0.13358226694284883,0.8716417910447761
two-unseen-drug,two_unseen,sim_min,fixed,2,0.4,0.5,0.40–0.50,cold1,XGBoost (ordered fp),307,22,0.5993485342019544,0.3930744225955427,0.10055392205932485,0.9087947882736156
two-unseen-drug,two_unseen,sim_min,fixed,2,0.4,0.5,0.40–0.50,cold1,gnn unweighted,307,22,0.6026058631921825,0.37154811580091424,0.09504719241418737,0.9511400651465798
two-unseen-drug,two_unseen,sim_min,fixed,2,0.4,0.5,0.40–0.50,cold2,XGBoost (ordered fp),385,27,0.4077922077922078,0.2724792186202929,0.08554580119474312,0.8077922077922078
two-unseen-drug,two_unseen,sim_min,fixed,2,0.4,0.5,0.40–0.50,cold2,gnn unweighted,385,27,0.5038961038961038,0.377627656360446,0.11855752002014003,0.8311688311688312
two-unseen-drug,two_unseen,sim_min,fixed,3,0.5,0.6,0.50–0.60,cold0,XGBoost (ordered fp),355,19,0.5183098591549296,0.33732198156916054,0.07452462383504709,0.8619718309859155
two-unseen-drug,two_unseen,sim_min,fixed,3,0.5,0.6,0.50–0.60,cold0,gnn unweighted,355,19,0.5267605633802817,0.44203255151558524,0.09765835440460605,0.8422535211267606
two-unseen-drug,two_unseen,sim_min,fixed,3,0.5,0.6,0.50–0.60,cold1,XGBoost (ordered fp),372,26,0.5967741935483871,0.4334439943936888,0.1310412076073943,0.8978494623655914
two-unseen-drug,two_unseen,sim_min,fixed,3,0.5,0.6,0.50–0.60,cold1,gnn unweighted,372,26,0.6639784946236559,0.5251526383355828,0.15876707670610643,0.9112903225806451
two-unseen-drug,two_unseen,sim_min,fixed,3,0.5,0.6,0.50–0.60,cold2,XGBoost (ordered fp),236,25,0.6652542372881356,0.475406334963493,0.1381995159777596,0.9364406779661016
two-unseen-drug,two_unseen,sim_min,fixed,3,0.5,0.6,0.50–0.60,cold2,gnn unweighted,236,25,0.711864406779661,0.5893084450094461,0.17131059447949015,0.9152542372881356
two-unseen-drug,two_unseen,sim_min,fixed,4,0.6,1.0,0.60–1.00,cold0,XGBoost (ordered fp),273,18,0.5311355311355311,0.5702294708119154,0.11935035435598229,0.8608058608058609
two-unseen-drug,two_unseen,sim_min,fixed,4,0.6,1.0,0.60–1.00,cold0,gnn unweighted,273,18,0.5128205128205128,0.6067079144825489,0.12698537744983582,0.7765567765567766
two-unseen-drug,two_unseen,sim_min,fixed,4,0.6,1.0,0.60–1.00,cold1,XGBoost (ordered fp),254,22,0.6968503937007874,0.508848468273193,0.13017053839546797,0.905511811023622
two-unseen-drug,two_unseen,sim_min,fixed,4,0.6,1.0,0.60–1.00,cold1,gnn unweighted,254,22,0.7007874015748031,0.6090678652590878,0.15580805855465038,0.968503937007874
two-unseen-drug,two_unseen,sim_min,fixed,4,0.6,1.0,0.60–1.00,cold2,XGBoost (ordered fp),214,18,0.6495327102803738,0.5146236379243065,0.10771192421671533,0.9112149532710281
two-unseen-drug,two_unseen,sim_min,fixed,4,0.6,1.0,0.60–1.00,cold2,gnn unweighted,214,18,0.6869158878504673,0.5909875004022874,0.12369505822373458,0.9112149532710281
two-unseen-drug,two_unseen,sim_min,validation_quartile,0,0.0,0.3333333432674408,0.00–0.33,cold0,XGBoost (ordered fp),765,30,0.34248366013071896,0.08176428129948685,0.028522423709123314,0.8026143790849674
two-unseen-drug,two_unseen,sim_min,validation_quartile,0,0.0,0.3333333432674408,0.00–0.33,cold0,gnn unweighted,765,30,0.34509803921568627,0.1006453710514435,0.035108850366782615,0.6758169934640523
two-unseen-drug,two_unseen,sim_min,validation_quartile,0,0.0,0.3333333432674408,0.00–0.33,cold1,XGBoost (ordered fp),915,33,0.30601092896174864,0.18638150829974207,0.07151848574292428,0.7366120218579235
two-unseen-drug,two_unseen,sim_min,validation_quartile,0,0.0,0.3333333432674408,0.00–0.33,cold1,gnn unweighted,915,33,0.28852459016393445,0.15591868513272777,0.059829262899767637,0.639344262295082
two-unseen-drug,two_unseen,sim_min,validation_quartile,0,0.0,0.3333333432674408,0.00–0.33,cold2,XGBoost (ordered fp),813,24,0.36654366543665434,0.16173547879947145,0.045135482455666454,0.8413284132841329
two-unseen-drug,two_unseen,sim_min,validation_quartile,0,0.0,0.3333333432674408,0.00–0.33,cold2,gnn unweighted,813,24,0.3813038130381304,0.1826541219046692,0.050973243322233276,0.7244772447724477
two-unseen-drug,two_unseen,sim_min,validation_quartile,1,0.3333333432674408,0.5,0.33–0.50,cold0,XGBoost (ordered fp),678,37,0.39233038348082594,0.25618442565559024,0.11021888080531207,0.8362831858407079
two-unseen-drug,two_unseen,sim_min,validation_quartile,1,0.3333333432674408,0.5,0.33–0.50,cold0,gnn unweighted,678,37,0.49262536873156343,0.3354889283190098,0.1443382598581786,0.8185840707964602
two-unseen-drug,two_unseen,sim_min,validation_quartile,1,0.3333333432674408,0.5,0.33–0.50,cold1,XGBoost (ordered fp),585,29,0.5623931623931624,0.2866239078354543,0.09665224799102529,0.8803418803418803
two-unseen-drug,two_unseen,sim_min,validation_quartile,1,0.3333333432674408,0.5,0.33–0.50,cold1,gnn unweighted,585,29,0.5572649572649573,0.329346010763908,0.11105853851341084,0.8786324786324786
two-unseen-drug,two_unseen,sim_min,validation_quartile,1,0.3333333432674408,0.5,0.33–0.50,cold2,XGBoost (ordered fp),707,33,0.4186704384724187,0.24295524307372382,0.09322701187712658,0.8472418670438473
two-unseen-drug,two_unseen,sim_min,validation_quartile,1,0.3333333432674408,0.5,0.33–0.50,cold2,gnn unweighted,707,33,0.4823196605374823,0.3516671189610053,0.13494203401992064,0.8104667609618105
two-unseen-drug,two_unseen,sim_min,validation_quartile,2,0.5,0.6666666865348816,0.50–0.67,cold0,XGBoost (ordered fp),462,20,0.5541125541125541,0.40023874049153985,0.09307877685849765,0.8744588744588745
two-unseen-drug,two_unseen,sim_min,validation_quartile,2,0.5,0.6666666865348816,0.50–0.67,cold0,gnn unweighted,462,20,0.5541125541125541,0.5132695127217992,0.119365002958558,0.8484848484848485
two-unseen-drug,two_unseen,sim_min,validation_quartile,2,0.5,0.6666666865348816,0.50–0.67,cold1,XGBoost (ordered fp),497,26,0.6217303822937625,0.44802293293211426,0.13544879367715085,0.8993963782696177
two-unseen-drug,two_unseen,sim_min,validation_quartile,2,0.5,0.6666666865348816,0.50–0.67,cold1,gnn unweighted,497,26,0.676056338028169,0.5360381823614018,0.1620580551325168,0.9255533199195171
two-unseen-drug,two_unseen,sim_min,validation_quartile,2,0.5,0.6666666865348816,0.50–0.67,cold2,XGBoost (ordered fp),338,30,0.6568047337278107,0.4738878982972319,0.16530973196415064,0.908284023668639
two-unseen-drug,two_unseen,sim_min,validation_quartile,2,0.5,0.6666666865348816,0.50–0.67,cold2,gnn unweighted,338,30,0.7011834319526628,0.566125152658728,0.1974855183693237,0.9023668639053254
two-unseen-drug,two_unseen,sim_min,validation_quartile,3,0.6666666865348816,1.0,0.67–1.00,cold0,XGBoost (ordered fp),166,12,0.4397590361445783,0.3780958807274597,0.05275756475266879,0.8253012048192772
two-unseen-drug,two_unseen,sim_min,validation_quartile,3,0.6666666865348816,1.0,0.67–1.00,cold0,gnn unweighted,166,12,0.42771084337349397,0.47874410216055646,0.0668015026270544,0.7168674698795181
two-unseen-drug,two_unseen,sim_min,validation_quartile,3,0.6666666865348816,1.0,0.67–1.00,cold1,XGBoost (ordered fp),129,18,0.6976744186046512,0.4808219496138959,0.10063715224476891,0.9069767441860465
two-unseen-drug,two_unseen,sim_min,validation_quartile,3,0.6666666865348816,1.0,0.67–1.00,cold1,gnn unweighted,129,18,0.689922480620155,0.5263306652195541,0.11016223225525552,0.9689922480620154
two-unseen-drug,two_unseen,sim_min,validation_quartile,3,0.6666666865348816,1.0,0.67–1.00,cold2,XGBoost (ordered fp),112,11,0.6607142857142857,0.6254732491666289,0.0800023923352665,0.9732142857142857
two-unseen-drug,two_unseen,sim_min,validation_quartile,3,0.6666666865348816,1.0,0.67–1.00,cold2,gnn unweighted,112,11,0.6964285714285714,0.701028509249629,0.08966643722960371,0.9464285714285714
two-unseen-drug,two_unseen,sim_mean,fixed,0,0.0,0.4,0.00–0.40,cold0,XGBoost (ordered fp),378,29,0.30423280423280424,0.0458118250177281,0.015448173552489708,0.8042328042328042
two-unseen-drug,two_unseen,sim_mean,fixed,0,0.0,0.4,0.00–0.40,cold0,gnn unweighted,378,29,0.3306878306878307,0.10008450213955437,0.033749425140082286,0.626984126984127
two-unseen-drug,two_unseen,sim_mean,fixed,0,0.0,0.4,0.00–0.40,cold1,XGBoost (ordered fp),478,27,0.27615062761506276,0.09650717703349282,0.03029876488260821,0.7217573221757322
two-unseen-drug,two_unseen,sim_mean,fixed,0,0.0,0.4,0.00–0.40,cold1,gnn unweighted,478,27,0.25523012552301255,0.0952167777644785,0.02989363953070837,0.5962343096234309
two-unseen-drug,two_unseen,sim_mean,fixed,0,0.0,0.4,0.00–0.40,cold2,XGBoost (ordered fp),487,18,0.3059548254620123,0.07196178210711121,0.01506176834800002,0.8069815195071869
two-unseen-drug,two_unseen,sim_mean,fixed,0,0.0,0.4,0.00–0.40,cold2,gnn unweighted,487,18,0.34291581108829566,0.12908182129209966,0.027017125386718528,0.6817248459958932
two-unseen-drug,two_unseen,sim_mean,fixed,1,0.4,0.5,0.40–0.50,cold0,XGBoost (ordered fp),519,32,0.36416184971098264,0.12526575779532195,0.0466105145284919,0.7687861271676301
two-unseen-drug,two_unseen,sim_mean,fixed,1,0.4,0.5,0.40–0.50,cold0,gnn unweighted,519,32,0.4142581888246628,0.19681951630559572,0.07323516885789606,0.7630057803468208
two-unseen-drug,two_unseen,sim_mean,fixed,1,0.4,0.5,0.40–0.50,cold1,XGBoost (ordered fp),546,32,0.38278388278388276,0.13497118228346774,0.05022183526826707,0.7747252747252747
two-unseen-drug,two_unseen,sim_mean,fixed,1,0.4,0.5,0.40–0.50,cold1,gnn unweighted,546,32,0.3901098901098901,0.17623202756271814,0.06557470793031372,0.7362637362637363
two-unseen-drug,two_unseen,sim_mean,fixed,1,0.4,0.5,0.40–0.50,cold2,XGBoost (ordered fp),466,31,0.39914163090128757,0.13643819473803795,0.049181209731153225,0.8476394849785408
two-unseen-drug,two_unseen,sim_mean,fixed,1,0.4,0.5,0.40–0.50,cold2,gnn unweighted,466,31,0.45278969957081544,0.23491657405637642,0.08467923018311245,0.776824034334764
two-unseen-drug,two_unseen,sim_mean,fixed,2,0.5,0.6,0.50–0.60,cold0,XGBoost (ordered fp),595,34,0.4403361344537815,0.2914950156257195,0.11524221547993561,0.8705882352941177
two-unseen-drug,two_unseen,sim_mean,fixed,2,0.5,0.6,0.50–0.60,cold0,gnn unweighted,595,34,0.4957983193277311,0.40688791495523846,0.160862664052071,0.8168067226890756
two-unseen-drug,two_unseen,sim_mean,fixed,2,0.5,0.6,0.50–0.60,cold1,XGBoost (ordered fp),559,32,0.5438282647584973,0.28781937458836865,0.10709558124218369,0.8711985688729875
two-unseen-drug,two_unseen,sim_mean,fixed,2,0.5,0.6,0.50–0.60,cold1,gnn unweighted,559,32,0.5456171735241503,0.330732423782085,0.12306322745379907,0.853309481216458
two-unseen-drug,two_unseen,sim_mean,fixed,2,0.5,0.6,0.50–0.60,cold2,XGBoost (ordered fp),552,31,0.483695652173913,0.34291824583150327,0.12361006535786745,0.8695652173913043
two-unseen-drug,two_unseen,sim_mean,fixed,2,0.5,0.6,0.50–0.60,cold2,gnn unweighted,552,31,0.5054347826086957,0.3529466336900835,0.1272249493534022,0.8242753623188406
two-unseen-drug,two_unseen,sim_mean,fixed,3,0.6,0.7,0.60–0.70,cold0,XGBoost (ordered fp),375,27,0.5093333333333333,0.38313556864670406,0.12028674829605825,0.848
two-unseen-drug,two_unseen,sim_mean,fixed,3,0.6,0.7,0.60–0.70,cold0,gnn unweighted,375,27,0.5066666666666667,0.4526921683302589,0.1421242854060115,0.8133333333333334
two-unseen-drug,two_unseen,sim_mean,fixed,3,0.6,0.7,0.60–0.70,cold1,XGBoost (ordered fp),392,27,0.6505102040816326,0.43320524329589766,0.13600629731382832,0.9132653061224489
two-unseen-drug,two_unseen,sim_mean,fixed,3,0.6,0.7,0.60–0.70,cold1,gnn unweighted,392,27,0.6913265306122449,0.5159010044756651,0.16196892000980184,0.951530612244898
two-unseen-drug,two_unseen,sim_mean,fixed,3,0.6,0.7,0.60–0.70,cold2,XGBoost (ordered fp),315,28,0.5936507936507937,0.48579287246963615,0.15816512126918386,0.9079365079365079
two-unseen-drug,two_unseen,sim_mean,fixed,3,0.6,0.7,0.60–0.70,cold2,gnn unweighted,315,28,0.6412698412698413,0.5988395534341959,0.19497101739718006,0.8984126984126984
two-unseen-drug,two_unseen,sim_mean,fixed,4,0.7,1.0,0.70–1.00,cold0,XGBoost (ordered fp),204,14,0.49019607843137253,0.4556690866993742,0.07417868853245627,0.8970588235294118
two-unseen-drug,two_unseen,sim_mean,fixed,4,0.7,1.0,0.70–1.00,cold0,gnn unweighted,204,14,0.49019607843137253,0.46193648198530884,0.07519896218365493,0.7794117647058824
two-unseen-drug,two_unseen,sim_mean,fixed,4,0.7,1.0,0.70–1.00,cold1,XGBoost (ordered fp),151,19,0.7152317880794702,0.49545256713259506,0.10946045087813144,0.9271523178807947
two-unseen-drug,two_unseen,sim_mean,fixed,4,0.7,1.0,0.70–1.00,cold1,gnn unweighted,151,19,0.6887417218543046,0.5188770924720368,0.11463563670893838,0.9735099337748344
two-unseen-drug,two_unseen,sim_mean,fixed,4,0.7,1.0,0.70–1.00,cold2,XGBoost (ordered fp),150,17,0.6733333333333333,0.54668983622157,0.1080665955321708,0.9666666666666667
two-unseen-drug,two_unseen,sim_mean,fixed,4,0.7,1.0,0.70–1.00,cold2,gnn unweighted,150,17,0.7133333333333334,0.7009119635937792,0.13855236489644474,0.94
two-unseen-drug,two_unseen,sim_mean,validation_quartile,0,0.0,0.3333333432674408,0.00–0.33,cold0,XGBoost (ordered fp),175,19,0.32571428571428573,0.05826916756655242,0.012873420741447627,0.8457142857142858
two-unseen-drug,two_unseen,sim_mean,validation_quartile,0,0.0,0.3333333432674408,0.00–0.33,cold0,gnn unweighted,175,19,0.30857142857142855,0.061661716080782615,0.013622937273661274,0.6171428571428571
two-unseen-drug,two_unseen,sim_mean,validation_quartile,0,0.0,0.3333333432674408,0.00–0.33,cold1,XGBoost (ordered fp),228,18,0.23684210526315788,0.04143402119202702,0.008672236993680074,0.6929824561403509
two-unseen-drug,two_unseen,sim_mean,validation_quartile,0,0.0,0.3333333432674408,0.00–0.33,cold1,gnn unweighted,228,18,0.16666666666666666,0.030367532283241096,0.006355995129050462,0.5350877192982456
two-unseen-drug,two_unseen,sim_mean,validation_quartile,0,0.0,0.3333333432674408,0.00–0.33,cold2,XGBoost (ordered fp),198,11,0.30808080808080807,0.08750773036487323,0.011192849232716342,0.8080808080808081
two-unseen-drug,two_unseen,sim_mean,validation_quartile,0,0.0,0.3333333432674408,0.00–0.33,cold2,gnn unweighted,198,11,0.3181818181818182,0.1757592067516439,0.0224808287705591,0.6414141414141414
two-unseen-drug,two_unseen,sim_mean,validation_quartile,1,0.3333333432674408,0.5,0.33–0.50,cold0,XGBoost (ordered fp),722,36,0.34210526315789475,0.09434201355968257,0.03949200567614619,0.7686980609418282
two-unseen-drug,two_unseen,sim_mean,validation_quartile,1,0.3333333432674408,0.5,0.33–0.50,cold0,gnn unweighted,722,36,0.3961218836565097,0.19140439415668514,0.08012276964698448,0.7271468144044322
two-unseen-drug,two_unseen,sim_mean,validation_quartile,1,0.3333333432674408,0.5,0.33–0.50,cold1,XGBoost (ordered fp),796,33,0.36055276381909546,0.13706466808639972,0.05259458194013013,0.7663316582914573
two-unseen-drug,two_unseen,sim_mean,validation_quartile,1,0.3333333432674408,0.5,0.33–0.50,cold1,gnn unweighted,796,33,0.3731155778894472,0.16358085102719663,0.06276939632438941,0.7097989949748744
two-unseen-drug,two_unseen,sim_mean,validation_quartile,1,0.3333333432674408,0.5,0.33–0.50,cold2,XGBoost (ordered fp),755,32,0.3629139072847682,0.11627158592986862,0.04326384592739298,0.8317880794701987
two-unseen-drug,two_unseen,sim_mean,validation_quartile,1,0.3333333432674408,0.5,0.33–0.50,cold2,gnn unweighted,755,32,0.41721854304635764,0.20334023261507916,0.07566148190328528,0.7509933774834437
two-unseen-drug,two_unseen,sim_mean,validation_quartile,2,0.5,0.6666666865348816,0.50–0.67,cold0,XGBoost (ordered fp),862,36,0.4617169373549884,0.3283032322905171,0.13742926002858855,0.8689095127610209
two-unseen-drug,two_unseen,sim_mean,validation_quartile,2,0.5,0.6666666865348816,0.50–0.67,cold0,gnn unweighted,862,36,0.4965197215777262,0.3910563620872247,0.16369801203651269,0.820185614849188
two-unseen-drug,two_unseen,sim_mean,validation_quartile,2,0.5,0.6666666865348816,0.50–0.67,cold1,XGBoost (ordered fp),864,34,0.5763888888888888,0.3323015038795618,0.1313750131616872,0.8854166666666666
two-unseen-drug,two_unseen,sim_mean,validation_quartile,2,0.5,0.6666666865348816,0.50–0.67,cold1,gnn unweighted,864,34,0.5960648148148148,0.39381202669120485,0.15569312683140654,0.8888888888888888
two-unseen-drug,two_unseen,sim_mean,validation_quartile,2,0.5,0.6666666865348816,0.50–0.67,cold2,XGBoost (ordered fp),784,33,0.5076530612244898,0.36434077995440745,0.13980518300576097,0.8813775510204082
two-unseen-drug,two_unseen,sim_mean,validation_quartile,2,0.5,0.6666666865348816,0.50–0.67,cold2,gnn unweighted,784,33,0.5433673469387755,0.38446401783959167,0.14752689056635493,0.8431122448979592
two-unseen-drug,two_unseen,sim_mean,validation_quartile,3,0.6666666865348816,1.0,0.67–1.00,cold0,XGBoost (ordered fp),312,19,0.4967948717948718,0.4284421423814403,0.09465582215403916,0.8653846153846154
two-unseen-drug,two_unseen,sim_mean,validation_quartile,3,0.6666666865348816,1.0,0.67–1.00,cold0,gnn unweighted,312,19,0.5032051282051282,0.5120021769803578,0.11311676003054415,0.7788461538461539
two-unseen-drug,two_unseen,sim_mean,validation_quartile,3,0.6666666865348816,1.0,0.67–1.00,cold1,XGBoost (ordered fp),238,22,0.7100840336134454,0.47272008340036803,0.12092839342800113,0.9243697478991597
two-unseen-drug,two_unseen,sim_mean,validation_quartile,3,0.6666666865348816,1.0,0.67–1.00,cold1,gnn unweighted,238,22,0.6932773109243697,0.5611662641973195,0.14355416060861662,0.9621848739495799
two-unseen-drug,two_unseen,sim_mean,validation_quartile,3,0.6666666865348816,1.0,0.67–1.00,cold2,XGBoost (ordered fp),233,22,0.6738197424892703,0.5759221263310723,0.1473289160381813,0.944206008583691
two-unseen-drug,two_unseen,sim_mean,validation_quartile,3,0.6666666865348816,1.0,0.67–1.00,cold2,gnn unweighted,233,22,0.6952789699570815,0.7170044181614005,0.1834197348784978,0.9356223175965666
