protocol,test_set,similarity_measure,scheme,bin,left,right,interval,model,accuracy_mean,macro_f1_supported_mean,macro_f1_all_mean,top5_mean,n_pairs_mean,n_supported_labels_mean,accuracy_sd,macro_f1_supported_sd,macro_f1_all_sd,top5_sd,n_pairs_sd,n_supported_labels_sd,n_partitions
one-unseen-drug,one_unseen,heldout,fixed,0,0.0,0.3,0.00–0.30,XGBoost (ordered fp),0.49458617612831407,0.3798267270027081,0.18791321897501836,0.902200966125287,5339.0,42.666666666666664,0.019148668023534696,0.013715330454260644,0.021448319023940322,0.04235884096110458,1727.287179365377,6.027713773341707,3
one-unseen-drug,one_unseen,heldout,fixed,0,0.0,0.3,0.00–0.30,gnn unweighted,0.4841466247332118,0.3856732361245248,0.19007686378916544,0.8262753503934052,5339.0,42.666666666666664,0.05188854834426462,0.02888641953033571,0.014209152669995784,0.051810158191764814,1727.287179365377,6.027713773341707,3
one-unseen-drug,one_unseen,heldout,fixed,1,0.3,0.4,0.30–0.40,XGBoost (ordered fp),0.568494992792593,0.465838306598948,0.2863216013925319,0.9085519641668417,5479.0,53.333333333333336,0.0392564548190219,0.03611467776909764,0.026257975517136555,0.020656975678864008,1713.7313091613867,9.29157324317757,3
one-unseen-drug,one_unseen,heldout,fixed,1,0.3,0.4,0.30–0.40,gnn unweighted,0.6079173814459219,0.49117212563506135,0.3028345284565389,0.8930331182084096,5479.0,53.333333333333336,0.009497748096612503,0.0410146670966675,0.04115924061958691,0.032184654920305936,1713.7313091613867,9.29157324317757,3
one-unseen-drug,one_unseen,heldout,fixed,2,0.4,0.5,0.40–0.50,XGBoost (ordered fp),0.6444799231845167,0.6492921118725513,0.374332035044034,0.9368023111919128,4354.333333333333,49.666666666666664,0.06743631162257228,0.09432007368015959,0.0664196352241006,0.03362309783638486,621.8378674006059,6.027713773341707,3
one-unseen-drug,one_unseen,heldout,fixed,2,0.4,0.5,0.40–0.50,gnn unweighted,0.7126434315339544,0.6510036298601553,0.37618729134251233,0.9520304568943643,4354.333333333333,49.666666666666664,0.0553047450883806,0.02283778789540362,0.05091346801058823,0.03780295435790975,621.8378674006059,6.027713773341707,3
one-unseen-drug,one_unseen,heldout,fixed,3,0.5,0.6,0.50–0.60,XGBoost (ordered fp),0.7498911476478763,0.7132224173865779,0.4729975321601838,0.9721925091785822,5802.0,57.0,0.024228142985095704,0.01912328564542051,0.037858733760767704,0.01209230840616811,1039.9235548827617,3.605551275463989,3
one-unseen-drug,one_unseen,heldout,fixed,3,0.5,0.6,0.50–0.60,gnn unweighted,0.8117395806476787,0.7920604737176893,0.5246342122772858,0.9800300459326937,5802.0,57.0,0.033818737578624934,0.04289728415609007,0.03621015590363817,0.010784346121048432,1039.9235548827617,3.605551275463989,3
one-unseen-drug,one_unseen,heldout,fixed,4,0.6,0.7,0.60–0.70,XGBoost (ordered fp),0.7512146536731571,0.7683700965071111,0.4771843522675026,0.9319688363566251,4308.0,53.333333333333336,0.046632367506079506,0.039045045954950085,0.04594494505314689,0.021838214321877627,440.57122012224085,2.5166114784235836,3
one-unseen-drug,one_unseen,heldout,fixed,4,0.6,0.7,0.60–0.70,gnn unweighted,0.7793043571482631,0.756872508751615,0.46999128870070533,0.9456295642223624,4308.0,53.333333333333336,0.048335169013441995,0.05207050111839035,0.049806478052075456,0.04350038485305275,440.57122012224085,2.5166114784235836,3
one-unseen-drug,one_unseen,heldout,fixed,5,0.7,0.8,0.70–0.80,XGBoost (ordered fp),0.7811443341756971,0.8234306856857424,0.44881171070431,0.975031223961104,5034.666666666667,47.333333333333336,0.04230677910631696,0.07552653413278765,0.03329070201355666,0.021223448891530234,243.92690161877047,7.767453465154029,3
one-unseen-drug,one_unseen,heldout,fixed,5,0.7,0.8,0.70–0.80,gnn unweighted,0.8108964757210088,0.8292046156756507,0.45194258335125764,0.9663043260065246,5034.666666666667,47.333333333333336,0.06336117414166274,0.08236517443986753,0.037101019541385484,0.020480532344374563,243.92690161877047,7.767453465154029,3
one-unseen-drug,one_unseen,heldout,fixed,6,0.8,1.0,0.80–1.00,XGBoost (ordered fp),0.7996914840441328,0.8511604369823592,0.33306052359612265,0.9943576015688697,1635.0,33.666666666666664,0.07979903725143471,0.00510708957138193,0.05501897676717137,0.0069922407531243244,647.5855155884819,5.686240703077327,3
one-unseen-drug,one_unseen,heldout,fixed,6,0.8,1.0,0.80–1.00,gnn unweighted,0.8028111846410205,0.8578105412170093,0.33422149403563267,0.9524313631555911,1635.0,33.666666666666664,0.066548740147655,0.04376867704134583,0.04219152160518458,0.06997321401165044,647.5855155884819,5.686240703077327,3
one-unseen-drug,one_unseen,heldout,validation_quartile,0,0.0,0.3333333432674408,0.00–0.33,XGBoost (ordered fp),0.5222977801186816,0.4103570475920366,0.2413456118036196,0.8945011583190561,7449.666666666667,51.0,0.041421884851561085,0.06300296529917344,0.017732710314414087,0.03677073761022343,590.6135228161758,4.358898943540674,3
one-unseen-drug,one_unseen,heldout,validation_quartile,0,0.0,0.3333333432674408,0.00–0.33,gnn unweighted,0.5184584866712296,0.3914435288767167,0.23084333570305582,0.842634873715105,7449.666666666667,51.0,0.05287466247763352,0.042954134694659495,0.011881146562369773,0.054408033145700495,590.6135228161758,4.358898943540674,3
one-unseen-drug,one_unseen,heldout,validation_quartile,1,0.3333333432674408,0.5,0.33–0.50,XGBoost (ordered fp),0.6023059084923674,0.575010365103854,0.4104079436427519,0.9311662929989147,7722.666666666667,61.666666666666664,0.05872114913365656,0.08194047694992496,0.07882961376555513,0.006933893491414429,971.0248881122117,10.598742063723098,3
one-unseen-drug,one_unseen,heldout,validation_quartile,1,0.3333333432674408,0.5,0.33–0.50,gnn unweighted,0.660392540940991,0.5785812904472629,0.41526082437194506,0.9246119190699846,7722.666666666667,61.666666666666664,0.02202865238784073,0.01321590295756551,0.07613057706701135,0.025799361719363232,971.0248881122117,10.598742063723098,3
one-unseen-drug,one_unseen,heldout,validation_quartile,2,0.5,0.6666666865348816,0.50–0.67,XGBoost (ordered fp),0.7679956238386277,0.7297549182131298,0.5515901262752884,0.966174909038282,8516.0,65.0,0.01270705044096246,0.011029442933291294,0.027514471320175725,0.012125425282300486,1200.6577364095065,3.0,3
one-unseen-drug,one_unseen,heldout,validation_quartile,2,0.5,0.6666666865348816,0.50–0.67,gnn unweighted,0.814586840115524,0.7844013102321177,0.5923686198921162,0.9745488224452394,8516.0,65.0,0.003113796233034604,0.024325356740374372,0.01458379425209539,0.012834863253584875,1200.6577364095065,3.0,3
one-unseen-drug,one_unseen,heldout,validation_quartile,3,0.6666666865348816,1.0,0.67–1.00,XGBoost (ordered fp),0.7632885464470638,0.8078708027861811,0.5560957223355304,0.964140449352607,8263.666666666666,59.333333333333336,0.07024093409325728,0.05963433623325349,0.032966078919411244,0.028788052038833986,1048.8309364875415,4.0414518843273814,3
one-unseen-drug,one_unseen,heldout,validation_quartile,3,0.6666666865348816,1.0,0.67–1.00,gnn unweighted,0.7917666181589914,0.8168971110603717,0.5620459019656052,0.9533699930187588,8263.666666666666,59.333333333333336,0.08279482193970945,0.07194355135625509,0.038015427261142966,0.04826138014376208,1048.8309364875415,4.0414518843273814,3
two-unseen-drug,two_unseen,sim_mean,fixed,0,0.0,0.4,0.00–0.40,XGBoost (ordered fp),0.29544608576995973,0.07142692805277738,0.02026956892769931,0.7776572153052411,447.6666666666667,24.666666666666668,0.016732524266648976,0.025351907830479997,0.008687687026590273,0.04843023227110101,60.500688701314246,5.859465277082316,3
two-unseen-drug,two_unseen,sim_mean,fixed,0,0.0,0.4,0.00–0.40,gnn unweighted,0.30961125576637966,0.10812770039871085,0.03022006335250306,0.6349810942011503,447.6666666666667,24.666666666666668,0.04749064509014465,0.018309289225936443,0.003377999315550808,0.0433026738875954,60.500688701314246,5.859465277082316,3
two-unseen-drug,two_unseen,sim_mean,fixed,1,0.4,0.5,0.40–0.50,XGBoost (ordered fp),0.382029121132051,0.13222504493894255,0.04867118650930407,0.7970502956238152,510.3333333333333,31.666666666666668,0.017502100499474604,0.006071391071738676,0.001858898097395767,0.04391204764189526,40.698075302566004,0.5773502691896263,3
two-unseen-drug,two_unseen,sim_mean,fixed,1,0.4,0.5,0.40–0.50,gnn unweighted,0.4190525928351228,0.2026560393082301,0.07449636899044075,0.758697850315107,510.3333333333333,31.666666666666668,0.031613752717387304,0.029774447935466332,0.009614502689045781,0.020620454426885444,40.698075302566004,0.5773502691896263,3
two-unseen-drug,two_unseen,sim_mean,fixed,2,0.5,0.6,0.50–0.60,XGBoost (ordered fp),0.4892866837953973,0.30741087868186384,0.11531595402666224,0.8704506738528032,568.6666666666666,32.333333333333336,0.051972107756915124,0.03080515258334775,0.008257488990713092,0.0008253191069408035,23.072349974229603,1.5275252316519474,3
two-unseen-drug,two_unseen,sim_mean,fixed,2,0.5,0.6,0.50–0.60,gnn unweighted,0.5156167584868591,0.363522324142469,0.1370502802864241,0.8314638554081247,568.6666666666666,32.333333333333336,0.026424118394918004,0.03916374127129035,0.020726847269766868,0.019283896641968196,23.072349974229603,1.5275252316519474,3
two-unseen-drug,two_unseen,sim_mean,fixed,3,0.6,0.7,0.60–0.70,XGBoost (ordered fp),0.5844981103552532,0.434044561470746,0.13815272229302347,0.8897339380196523,360.6666666666667,27.333333333333332,0.07103207667808858,0.051333798303821454,0.01903019022280881,0.03624072584121012,40.45161719058132,0.5773502691896263,3
two-unseen-drug,two_unseen,sim_mean,fixed,3,0.6,0.7,0.60–0.70,gnn unweighted,0.613087679516251,0.5224775754133734,0.16635474093766447,0.8877588813303099,360.6666666666667,27.333333333333332,0.09550126710640548,0.07329531367798112,0.02669495906430761,0.06971190600219551,40.45161719058132,0.5773502691896263,3
two-unseen-drug,two_unseen,sim_mean,fixed,4,0.7,1.0,0.70–1.00,XGBoost (ordered fp),0.6262537332813921,0.4992704966845131,0.09723524498091951,0.930292602692291,168.33333333333334,16.666666666666668,0.11967720839823177,0.045630325995363305,0.01997972233608977,0.03491001286276124,30.892285984260432,2.516611478423583,3
two-unseen-drug,two_unseen,sim_mean,fixed,4,0.7,1.0,0.70–1.00,gnn unweighted,0.6307570445396702,0.5605751793503749,0.10946232126301268,0.897640566160239,168.33333333333334,16.666666666666668,0.12234878721817134,0.12482535014765696,0.03199196466848388,0.10375098088885085,30.892285984260432,2.516611478423583,3
two-unseen-drug,two_unseen,sim_mean,validation_quartile,0,0.0,0.3333333432674408,0.00–0.33,XGBoost (ordered fp),0.29021239968608387,0.06240363970781756,0.010912835655948014,0.7822591833118149,200.33333333333334,16.0,0.047053439071495555,0.023313452428826934,0.002114542958420921,0.07957273509521574,26.57693235370353,4.358898943540674,3
two-unseen-drug,two_unseen,sim_mean,validation_quartile,0,0.0,0.3333333432674408,0.00–0.33,gnn unweighted,0.26447330447330447,0.08926281837188921,0.014153253724423614,0.5978815726184147,200.33333333333334,16.0,0.08483922262960096,0.07652483509910098,0.008075487084073879,0.0557187115890215,26.57693235370353,4.358898943540674,3
two-unseen-drug,two_unseen,sim_mean,validation_quartile,1,0.3333333432674408,0.5,0.33–0.50,XGBoost (ordered fp),0.3551906447539195,0.11589275585865032,0.0451168111812231,0.7889392662344948,757.6666666666666,33.666666666666664,0.011393601636513317,0.02136384648464435,0.006744960071216516,0.03712701930073435,37.072002014098636,2.081665999466132,3
two-unseen-drug,two_unseen,sim_mean,validation_quartile,1,0.3333333432674408,0.5,0.33–0.50,gnn unweighted,0.3954853348641048,0.18610849259965365,0.07285121595821972,0.7293130622875834,757.6666666666666,33.666666666666664,0.02205837209953961,0.020401888050840773,0.009011552997671098,0.020682450531405223,37.072002014098636,2.081665999466132,3
two-unseen-drug,two_unseen,sim_mean,validation_quartile,2,0.5,0.6666666865348816,0.50–0.67,XGBoost (ordered fp),0.5152529624894556,0.3416485053748288,0.13620315206534558,0.8785679101493652,836.6666666666666,34.333333333333336,0.05771250290514376,0.01975350698284193,0.004346774258358554,0.008604771576534971,45.621632295801646,1.5275252316519474,3
two-unseen-drug,two_unseen,sim_mean,validation_quartile,2,0.5,0.6666666865348816,0.50–0.67,gnn unweighted,0.5453172944437722,0.3897774688726738,0.15563934314475805,0.8507289162120121,836.6666666666666,34.333333333333336,0.049801185913081865,0.004803435568749512,0.008085694893721969,0.03497921136008208,45.621632295801646,1.5275252316519474,3
two-unseen-drug,two_unseen,sim_mean,validation_quartile,3,0.6666666865348816,1.0,0.67–1.00,XGBoost (ordered fp),0.6268995492991959,0.49236145070429355,0.1209710438734072,0.9113201239558221,261.0,21.0,0.11412359543084351,0.07567644216413529,0.026336572843239935,0.040999055114206186,44.23799272118933,1.7320508075688772,3
two-unseen-drug,two_unseen,sim_mean,validation_quartile,3,0.6666666865348816,1.0,0.67–1.00,gnn unweighted,0.6305871363621932,0.5967242864463592,0.14669688517255286,0.8922177817974335,261.0,21.0,0.11032059491008799,0.1070269098498597,0.035256695908459396,0.0990769239946632,44.23799272118933,1.7320508075688772,3
two-unseen-drug,two_unseen,sim_min,fixed,0,0.0,0.3,0.00–0.30,XGBoost (ordered fp),0.3139881678424421,0.12438876239617531,0.03429278815726958,0.8039428705072732,614.6666666666666,23.666666666666668,0.01734257671625052,0.05888697138692284,0.021770895304936706,0.060883495640774464,184.78185336589016,7.505553499465136,3
two-unseen-drug,two_unseen,sim_min,fixed,0,0.0,0.3,0.00–0.30,gnn unweighted,0.30548868082823827,0.12574998760125491,0.033697168303622516,0.6615622396193204,614.6666666666666,23.666666666666668,0.03356849773208599,0.045117912029307934,0.014229659238330162,0.04753790207116179,184.78185336589016,7.505553499465136,3
two-unseen-drug,two_unseen,sim_min,fixed,1,0.3,0.4,0.30–0.40,XGBoost (ordered fp),0.42221900420130504,0.17449340661647725,0.05919235817082787,0.819035301543519,530.6666666666666,29.666666666666668,0.059537064001244026,0.05556477013176989,0.015385884840959506,0.04056963715342365,151.6717947850995,3.785938897200183,3
two-unseen-drug,two_unseen,sim_min,fixed,1,0.3,0.4,0.30–0.40,gnn unweighted,0.4566171084148328,0.2805425935600962,0.09569019104681804,0.7714475803729912,530.6666666666666,29.666666666666668,0.030380424172814186,0.06397324674298188,0.01723577007673692,0.013848703284071909,151.6717947850995,3.785938897200183,3
two-unseen-drug,two_unseen,sim_min,fixed,2,0.4,0.5,0.40–0.50,XGBoost (ordered fp),0.4899424363861138,0.35070567876453623,0.10098924213903855,0.8647329787881103,342.3333333333333,25.0,0.09864389667983393,0.06782427787937338,0.015665637928749254,0.05171828548168946,39.51371070063319,2.6457513110645907,3
two-unseen-drug,two_unseen,sim_min,fixed,2,0.4,0.5,0.40–0.50,gnn unweighted,0.556893690521966,0.39700826965744057,0.11572899312572542,0.8846502291200623,342.3333333333333,25.0,0.04975652808879737,0.03895203463929655,0.01942262638076256,0.06103432510812945,39.51371070063319,2.6457513110645907,3
two-unseen-drug,two_unseen,sim_min,fixed,3,0.5,0.6,0.50–0.60,XGBoost (ordered fp),0.5934460966638174,0.41539077030878074,0.114588449140067,0.8987539904392028,321.0,23.333333333333332,0.07352870009658452,0.07079026301672885,0.034880408802573905,0.037242662645366305,74.10128204019145,3.785938897200183,3
two-unseen-drug,two_unseen,sim_min,fixed,3,0.5,0.6,0.50–0.60,gnn unweighted,0.6342011549278662,0.5188312116202046,0.1425786751967342,0.889599360331847,321.0,23.333333333333332,0.0960774462599019,0.07384116418294191,0.03940445881602201,0.04105057274238075,74.10128204019145,3.785938897200183,3
two-unseen-drug,two_unseen,sim_min,fixed,4,0.6,1.0,0.60–1.00,XGBoost (ordered fp),0.6258395450388975,0.5312338590031384,0.11907760565605519,0.8925108750335037,247.0,19.333333333333332,0.08536028630531513,0.0338944162271666,0.011231791112618737,0.027605024963850516,30.116440692751194,2.309401076758503,3
two-unseen-drug,two_unseen,sim_min,fixed,4,0.6,1.0,0.60–1.00,gnn unweighted,0.6335079340819277,0.6022544267146414,0.13549616474274026,0.8854252222785596,247.0,19.333333333333332,0.10474824562396633,0.009828533121119,0.017667380191249277,0.09853811835938288,30.116440692751194,2.309401076758503,3
two-unseen-drug,two_unseen,sim_min,validation_quartile,0,0.0,0.3333333432674408,0.00–0.33,XGBoost (ordered fp),0.33834608484304063,0.1432937561329001,0.048392130635904675,0.7935182714090079,831.0,29.0,0.03047774094697637,0.05469244826745993,0.021682242864404087,0.052947474344592314,76.60287200882223,4.58257569495584,3
two-unseen-drug,two_unseen,sim_min,validation_quartile,0,0.0,0.3333333432674408,0.00–0.33,gnn unweighted,0.33830881413925035,0.14640605936294682,0.04863711886292784,0.679879500177194,831.0,29.0,0.04676073387083236,0.04182375330961507,0.012524687902988427,0.042711639478818925,76.60287200882223,4.58257569495584,3
two-unseen-drug,two_unseen,sim_min,validation_quartile,1,0.3333333432674408,0.5,0.33–0.50,XGBoost (ordered fp),0.45779799478213573,0.2619211921882561,0.10003271355782133,0.8546223110754786,656.6666666666666,33.0,0.091534482245349,0.022392430377380566,0.008986187345274914,0.022937858571909883,63.73643646559898,4.0,3
two-unseen-drug,two_unseen,sim_min,validation_quartile,1,0.3333333432674408,0.5,0.33–0.50,gnn unweighted,0.510736662178001,0.33883401934797436,0.13011294413050337,0.8358944367969164,656.6666666666666,33.0,0.040622821026112234,0.011530402997322995,0.017157361250099097,0.0372340951909889,63.73643646559898,4.0,3
two-unseen-drug,two_unseen,sim_min,validation_quartile,2,0.5,0.6666666865348816,0.50–0.67,XGBoost (ordered fp),0.6108825567113758,0.440716523906962,0.13127910083326635,0.8940464254657104,432.3333333333333,25.333333333333332,0.05219844277784959,0.037364251912811695,0.036295557203023764,0.01753572570550581,83.54838917258269,5.033222956847167,3
two-unseen-drug,two_unseen,sim_min,validation_quartile,2,0.5,0.6666666865348816,0.50–0.67,gnn unweighted,0.6437841080311286,0.5384776159139762,0.15963619215346617,0.892135010769897,432.3333333333333,25.333333333333332,0.07866754984681708,0.026512125439666922,0.03911652844039068,0.03953992205679992,83.54838917258269,5.033222956847167,3
two-unseen-drug,two_unseen,sim_min,validation_quartile,3,0.6666666865348816,1.0,0.67–1.00,XGBoost (ordered fp),0.5993825801545051,0.49479702650266155,0.07779903644423473,0.9018307449065365,135.66666666666666,13.666666666666666,0.1394678088575824,0.12427939364394769,0.02401572000774338,0.0740906934533743,27.610384519838423,3.7859388972001824,3
two-unseen-drug,two_unseen,sim_min,validation_quartile,3,0.6666666865348816,1.0,0.67–1.00,gnn unweighted,0.6046872984740735,0.5687010922099133,0.08887672403730455,0.8774294297900349,135.66666666666666,13.666666666666666,0.15330062475207798,0.1170428520724104,0.02169114920116171,0.1395076596590111,27.610384519838423,3.7859388972001824,3
