split,protocol,model,n_before,n_after,accuracy_before,macro_f1_supported_before,macro_f1_all_before,top5_before,accuracy_after,macro_f1_supported_after,macro_f1_all_after,top5_after,accuracy_change,macro_f1_supported_change,macro_f1_all_change,top5_change
cold0,one-unseen-drug,XGBoost,32193,32104,0.6534339763302581,0.6008787404903576,0.5869048162929075,0.9410430839002267,0.6525043608273112,0.5998336430645231,0.5858840234583714,0.9408796411662098,-0.0009296155029469011,-0.0010450974258344736,-0.001020792834536044,-0.00016344273401691645
cold0,one-unseen-drug,GNN + Morgan,32193,32104,0.6864535768645358,0.5913909324371487,0.5776376549386102,0.9265057621222005,0.6855843508597059,0.5898530672811367,0.5761355540885522,0.9263020184400698,-0.0008692260048298595,-0.0015378651560119527,-0.0015021008500579747,-0.00020374368213071925
cold0,two-unseen-drug,XGBoost,2071,2061,0.41380975374215356,0.24299878908351083,0.12432496185667996,0.8314823756639305,0.4119359534206696,0.24298003251742362,0.12431536547403067,0.8311499272197962,-0.0018738003214839871,-1.8756566087213544e-05,-9.59638264928786e-06,-0.0003324484441342701
cold0,two-unseen-drug,GNN + Morgan,2071,2061,0.4466441332689522,0.27831711410357046,0.14239480256461742,0.7643650410429744,0.44492964580300826,0.27824035804442143,0.14235553202272724,0.7632217370208637,-0.0017144874659439369,-7.675605914903016e-05,-3.927054189017953e-05,-0.0011433040221107138
cold1,one-unseen-drug,XGBoost,32162,32053,0.677631988060444,0.617275316507564,0.5383214969542709,0.9316273863565698,0.6765357376844601,0.6177216809443419,0.5315279580218756,0.9313948772345803,-0.0010962503759839315,0.00044636443677792403,-0.0067935389323953155,-0.00023250912198957696
cold1,one-unseen-drug,GNN + Morgan,32162,32053,0.6954791368695976,0.6056089814397139,0.5281473675346342,0.9182575710465767,0.6944435778242286,0.6081625402625019,0.5233026509235482,0.9179795962936387,-0.0010355590453690056,0.0025535588227880712,-0.004844716611085986,-0.0002779747529380039
cold1,two-unseen-drug,XGBoost,2126,2104,0.47412982126058323,0.2664164411965644,0.1301103550029733,0.8245531514581373,0.4700570342205323,0.21826486542997853,0.10151854206045516,0.8236692015209125,-0.004072787040050929,-0.04815157576658585,-0.02859181294251814,-0.0008839499372248483
cold1,two-unseen-drug,GNN + Morgan,2126,2104,0.47742238946378174,0.29316310155790726,0.1431726775050245,0.7920978363123237,0.47338403041825095,0.25217240895153037,0.11728949253559551,0.7899239543726235,-0.004038359045530793,-0.04099069260637689,-0.025883184969428985,-0.0021738819397001397
cold2,one-unseen-drug,XGBoost,31501,31501,0.6679153042760547,0.5997944704845827,0.5649226989447813,0.9458429891114568,0.6679153042760547,0.5997944704845827,0.5649226989447813,0.9458429891114568,0.0,0.0,0.0,0.0
cold2,one-unseen-drug,GNN + Morgan,31501,31501,0.7180089520967589,0.629971826728602,0.5933455577327529,0.928668931145043,0.7180089520967589,0.629971826728602,0.5933455577327529,0.928668931145043,0.0,0.0,0.0,0.0
cold2,two-unseen-drug,XGBoost,1970,1970,0.4517766497461929,0.3024036031747429,0.1336201967516306,0.8624365482233503,0.4517766497461929,0.3024036031747429,0.1336201967516306,0.8624365482233503,0.0,0.0,0.0,0.0
cold2,two-unseen-drug,GNN + Morgan,1970,1970,0.4903553299492386,0.35404214695469216,0.15643722772416632,0.7984771573604061,0.4903553299492386,0.35404214695469216,0.15643722772416632,0.7984771573604061,0.0,0.0,0.0,0.0
