Protocol,Similarity bin,Model,Mean pairs,Accuracy (%),"Macro-F1, supported (%)","Macro-F1, all 86 (%)",Top-5 (%)
one-unseen-drug,0.00–0.30,XGBoost,5339,49.5 ± 1.9,38.0 ± 1.4,18.8 ± 2.1,90.2 ± 4.2
one-unseen-drug,0.00–0.30,GNN + Morgan,5339,48.4 ± 5.2,38.6 ± 2.9,19.0 ± 1.4,82.6 ± 5.2
one-unseen-drug,0.30–0.40,XGBoost,5479,56.8 ± 3.9,46.6 ± 3.6,28.6 ± 2.6,90.9 ± 2.1
one-unseen-drug,0.30–0.40,GNN + Morgan,5479,60.8 ± 0.9,49.1 ± 4.1,30.3 ± 4.1,89.3 ± 3.2
one-unseen-drug,0.40–0.50,XGBoost,4354,64.4 ± 6.7,64.9 ± 9.4,37.4 ± 6.6,93.7 ± 3.4
one-unseen-drug,0.40–0.50,GNN + Morgan,4354,71.3 ± 5.5,65.1 ± 2.3,37.6 ± 5.1,95.2 ± 3.8
one-unseen-drug,0.50–0.60,XGBoost,5802,75.0 ± 2.4,71.3 ± 1.9,47.3 ± 3.8,97.2 ± 1.2
one-unseen-drug,0.50–0.60,GNN + Morgan,5802,81.2 ± 3.4,79.2 ± 4.3,52.5 ± 3.6,98.0 ± 1.1
one-unseen-drug,0.60–0.70,XGBoost,4308,75.1 ± 4.7,76.8 ± 3.9,47.7 ± 4.6,93.2 ± 2.2
one-unseen-drug,0.60–0.70,GNN + Morgan,4308,77.9 ± 4.8,75.7 ± 5.2,47.0 ± 5.0,94.6 ± 4.4
one-unseen-drug,0.70–0.80,XGBoost,5035,78.1 ± 4.2,82.3 ± 7.6,44.9 ± 3.3,97.5 ± 2.1
one-unseen-drug,0.70–0.80,GNN + Morgan,5035,81.1 ± 6.3,82.9 ± 8.2,45.2 ± 3.7,96.6 ± 2.0
one-unseen-drug,0.80–1.00,XGBoost,1635,80.0 ± 8.0,85.1 ± 0.5,33.3 ± 5.5,99.4 ± 0.7
one-unseen-drug,0.80–1.00,GNN + Morgan,1635,80.3 ± 6.7,85.8 ± 4.4,33.4 ± 4.2,95.2 ± 7.0
two-unseen-drug,0.00–0.30,XGBoost,615,31.4 ± 1.7,12.4 ± 5.9,3.4 ± 2.2,80.4 ± 6.1
two-unseen-drug,0.00–0.30,GNN + Morgan,615,30.5 ± 3.4,12.6 ± 4.5,3.4 ± 1.4,66.2 ± 4.8
two-unseen-drug,0.30–0.40,XGBoost,531,42.2 ± 6.0,17.4 ± 5.6,5.9 ± 1.5,81.9 ± 4.1
two-unseen-drug,0.30–0.40,GNN + Morgan,531,45.7 ± 3.0,28.1 ± 6.4,9.6 ± 1.7,77.1 ± 1.4
two-unseen-drug,0.40–0.50,XGBoost,342,49.0 ± 9.9,35.1 ± 6.8,10.1 ± 1.6,86.5 ± 5.2
two-unseen-drug,0.40–0.50,GNN + Morgan,342,55.7 ± 5.0,39.7 ± 3.9,11.6 ± 1.9,88.5 ± 6.1
two-unseen-drug,0.50–0.60,XGBoost,321,59.3 ± 7.4,41.5 ± 7.1,11.5 ± 3.5,89.9 ± 3.7
two-unseen-drug,0.50–0.60,GNN + Morgan,321,63.4 ± 9.6,51.9 ± 7.4,14.3 ± 3.9,89.0 ± 4.1
two-unseen-drug,0.60–1.00,XGBoost,247,62.6 ± 8.5,53.1 ± 3.4,11.9 ± 1.1,89.3 ± 2.8
two-unseen-drug,0.60–1.00,GNN + Morgan,247,63.4 ± 10.5,60.2 ± 1.0,13.5 ± 1.8,88.5 ± 9.9
