split,protocol,test_set,label,model,weighting,tau,n,accuracy,macro_f1_all,macro_f1_supported,macro_recall_supported,macro_precision_supported,n_supported_labels,n_predicted_labels,top3,top5
cold0,one-unseen-drug,one_unseen,XGBoost (ordered fp),xgb,none,0.0,32193,0.6534339763302581,0.5869048162929075,0.6008787404903576,0.5503925008373193,0.7366799221257482,84,77,0.8794458422638461,0.9410430839002268
cold0,two-unseen-drug,two_unseen,XGBoost (ordered fp),xgb,none,0.0,2071,0.4138097537421535,0.1243249618566799,0.2429987890835108,0.2190636560335024,0.3420564692348735,44,25,0.6900048285852245,0.8314823756639305
cold0,one-unseen-drug,one_unseen,gnn unweighted,gnn,none,0.0,32193,0.6864535768645358,0.5776376549386102,0.5913909324371487,0.6184514259494065,0.6181166448826382,84,77,0.8753766346721337,0.9265057621222004
cold0,two-unseen-drug,two_unseen,gnn unweighted,gnn,none,0.0,2071,0.4466441332689522,0.1423948025646174,0.2783171141035704,0.2831107159742355,0.3427497202756334,44,42,0.6571704490584259,0.7643650410429744
known,known-drug,known,XGBoost (ordered fp),xgb,none,0.0,19188,0.9052011673962892,0.8567999360441602,0.8567999360441602,0.8469674247820046,0.8820958502197025,86,81,0.992234730039608,0.997394204711278
known,known-drug,known,gnn unweighted,gnn,none,0.0,19188,0.9673233270794246,0.940239780252429,0.940239780252429,0.939032846615496,0.9475818113919872,86,84,0.9980717114863455,0.9989055659787368
cold1,one-unseen-drug,one_unseen,XGBoost (ordered fp),xgb,none,0.0,32162,0.677631988060444,0.5383214969542709,0.617275316507564,0.5865175421866136,0.7775485821512712,75,73,0.8697220322119271,0.9316273863565698
cold1,two-unseen-drug,two_unseen,XGBoost (ordered fp),xgb,none,0.0,2126,0.4741298212605832,0.1301103550029733,0.2664164411965644,0.2303457281367238,0.4492392727714855,42,27,0.7177798682972719,0.8245531514581373
cold1,one-unseen-drug,one_unseen,gnn unweighted,gnn,none,0.0,32162,0.6954791368695976,0.5281473675346342,0.6056089814397139,0.6294312629858124,0.6945105233398347,75,78,0.8754430694608544,0.9182575710465768
cold1,two-unseen-drug,two_unseen,gnn unweighted,gnn,none,0.0,2126,0.4774223894637817,0.1431726775050245,0.2931631015579072,0.2859098608593952,0.403671234655839,42,38,0.7041392285983067,0.7920978363123237
cold2,one-unseen-drug,one_unseen,XGBoost (ordered fp),xgb,none,0.0,31501,0.6679153042760547,0.5649226989447813,0.5997944704845827,0.5778973198815872,0.7020451603707685,81,73,0.8959080664105902,0.9458429891114568
cold2,two-unseen-drug,two_unseen,XGBoost (ordered fp),xgb,none,0.0,1970,0.4517766497461929,0.1336201967516306,0.3024036031747429,0.2690493026046032,0.45400775105353014,38,25,0.7543147208121828,0.8624365482233503
cold2,one-unseen-drug,one_unseen,gnn unweighted,gnn,none,0.0,31501,0.7180089520967589,0.5933455577327529,0.629971826728602,0.6436031243529443,0.6685624998953127,81,77,0.8857496587409923,0.928668931145043
cold2,two-unseen-drug,two_unseen,gnn unweighted,gnn,none,0.0,1970,0.4903553299492386,0.15643722772416632,0.35404214695469216,0.3639183969886836,0.3944514011298115,38,36,0.7177664974619289,0.7984771573604061
