split,protocol,test_set,label,model,weighting,tau,bin,n_classes,n_classes_with_test_support,n_test,true_share,pred_share,macro_f1,macro_recall,macro_precision,micro_recall
cold0,one-unseen-drug,one_unseen,XGBoost (ordered fp),xgb,none,0.0,0 (absent from train),1,1,2,6.212530674370205e-05,0.0,0.0,0.0,0.0,0.0
cold0,one-unseen-drug,one_unseen,XGBoost (ordered fp),xgb,none,0.0,1-20,12,10,77,0.0023918243096325,0.000403814493834,0.2857142857142857,0.275,0.3,0.1168831168831168
cold0,one-unseen-drug,one_unseen,XGBoost (ordered fp),xgb,none,0.0,21-100,24,24,203,0.0063057186344857,0.0038207063647376,0.6746829191825444,0.6177885103316689,0.8594065656565656,0.5615763546798029
cold0,one-unseen-drug,one_unseen,XGBoost (ordered fp),xgb,none,0.0,>100,49,49,31911,0.991240331749138,0.9957754791414284,0.6413118629319615,0.5848172616811177,0.7807215486286792,0.6553539531822883
cold0,two-unseen-drug,two_unseen,XGBoost (ordered fp),xgb,none,0.0,0 (absent from train),1,0,0,0.0,0.0,,,,
cold0,two-unseen-drug,two_unseen,XGBoost (ordered fp),xgb,none,0.0,1-20,12,1,9,0.0043457267020762,0.0,0.0,0.0,0.0,0.0
cold0,two-unseen-drug,two_unseen,XGBoost (ordered fp),xgb,none,0.0,21-100,24,5,7,0.0033800096571704,0.0009657170449058,0.4,0.4,0.4,0.2857142857142857
cold0,two-unseen-drug,two_unseen,XGBoost (ordered fp),xgb,none,0.0,>100,49,38,2055,0.9922742636407532,0.999034282955094,0.2287354399914336,0.2010210754072133,0.343433806482485,0.4160583941605839
cold0,one-unseen-drug,one_unseen,gnn unweighted,gnn,none,0.0,0 (absent from train),1,1,2,6.212530674370205e-05,0.0,0.0,0.0,0.0,0.0
cold0,one-unseen-drug,one_unseen,gnn unweighted,gnn,none,0.0,1-20,12,10,77,0.0023918243096325,0.0005591277606933,0.175,0.175,0.175,0.0909090909090909
cold0,one-unseen-drug,one_unseen,gnn unweighted,gnn,none,0.0,21-100,24,24,203,0.0063057186344857,0.0067095331283198,0.6490410114949992,0.7100333924742493,0.7014396136271136,0.6650246305418719
cold0,one-unseen-drug,one_unseen,gnn unweighted,gnn,none,0.0,>100,49,49,31911,0.991240331749138,0.9927313391109868,0.6602011030375615,0.6767167012320033,0.6803519886345077,0.688069944533233
cold0,two-unseen-drug,two_unseen,gnn unweighted,gnn,none,0.0,0 (absent from train),1,0,0,0.0,0.0,,,,
cold0,two-unseen-drug,two_unseen,gnn unweighted,gnn,none,0.0,1-20,12,1,9,0.0043457267020762,0.0014485755673587,0.0,0.0,0.0,0.0
cold0,two-unseen-drug,two_unseen,gnn unweighted,gnn,none,0.0,21-100,24,5,7,0.0033800096571704,0.0038628681796233,0.3,0.4,0.2666666666666666,0.2857142857142857
cold0,two-unseen-drug,two_unseen,gnn unweighted,gnn,none,0.0,>100,49,38,2055,0.9922742636407532,0.994688556253018,0.2827882373830815,0.275180829022799,0.3617803778630141,0.4491484184914842
known,known-drug,known,XGBoost (ordered fp),xgb,none,0.0,0 (absent from train),0,0,0,0.0,0.0,,,,
known,known-drug,known,XGBoost (ordered fp),xgb,none,0.0,1-20,13,13,18,0.0009380863039399,0.0007296226808421,0.5487179487179487,0.5897435897435898,0.5384615384615384,0.6666666666666666
known,known-drug,known,XGBoost (ordered fp),xgb,none,0.0,21-100,23,23,141,0.0073483427141963,0.0063581405044819,0.8811172054340718,0.832776522993914,0.9590579710144927,0.8226950354609929
known,known-drug,known,XGBoost (ordered fp),xgb,none,0.0,>100,50,50,19029,0.9917135709818636,0.992912236814676,0.925715308829616,0.920373436714514,0.936038195711222,0.9060381522938672
known,known-drug,known,gnn unweighted,gnn,none,0.0,0 (absent from train),0,0,0,0.0,0.0,,,,
known,known-drug,known,gnn unweighted,gnn,none,0.0,1-20,13,13,18,0.0009380863039399,0.0008859703981655,0.8351648351648352,0.8461538461538461,0.8269230769230769,0.8888888888888888
known,known-drug,known,gnn unweighted,gnn,none,0.0,21-100,23,23,141,0.0073483427141963,0.0072441109026474,0.9427646394526192,0.932712215320911,0.9711206667728408,0.9432624113475178
known,known-drug,known,gnn unweighted,gnn,none,0.0,>100,50,50,19029,0.9917135709818636,0.991869918699187,0.966397830743116,0.966088877131034,0.9681252088787112,0.9675758053497292
cold1,one-unseen-drug,one_unseen,XGBoost (ordered fp),xgb,none,0.0,0 (absent from train),2,1,153,0.004757166842858,0.0,0.0,0.0,0.0,0.0
cold1,one-unseen-drug,one_unseen,XGBoost (ordered fp),xgb,none,0.0,1-20,14,8,21,0.0006529444686275,0.0004974814999067,0.5125,0.5535714285714286,0.5416666666666666,0.6190476190476191
cold1,one-unseen-drug,one_unseen,XGBoost (ordered fp),xgb,none,0.0,21-100,24,20,325,0.0101050929668552,0.0063739817175548,0.6587384727856513,0.65758699284443,0.8244085045389393,0.5076923076923077
cold1,one-unseen-drug,one_unseen,XGBoost (ordered fp),xgb,none,0.0,>100,46,46,31663,0.9844847957216591,0.9931285367825384,0.6308886800511796,0.5740979212725213,0.8151008747224615,0.68268957458232
cold1,two-unseen-drug,two_unseen,XGBoost (ordered fp),xgb,none,0.0,0 (absent from train),2,1,20,0.0094073377234242,0.0,0.0,0.0,0.0,0.0
cold1,two-unseen-drug,two_unseen,XGBoost (ordered fp),xgb,none,0.0,1-20,14,0,0,0.0,0.0,,,,
cold1,two-unseen-drug,two_unseen,XGBoost (ordered fp),xgb,none,0.0,21-100,24,6,23,0.0108184383819379,0.0028222013170272,0.1944444444444444,0.1666666666666666,0.2777777777777777,0.1304347826086956
cold1,two-unseen-drug,two_unseen,XGBoost (ordered fp),xgb,none,0.0,>100,46,35,2083,0.979774223894638,0.9971777986829728,0.2863663961025439,0.2478434451926401,0.491468079706735,0.4824771963514162
cold1,one-unseen-drug,one_unseen,gnn unweighted,gnn,none,0.0,0 (absent from train),2,1,153,0.004757166842858,0.0,0.0,0.0,0.0,0.0
cold1,one-unseen-drug,one_unseen,gnn unweighted,gnn,none,0.0,1-20,14,8,21,0.0006529444686275,0.0006840370623717,0.5075757575757576,0.5714285714285714,0.525,0.6666666666666666
cold1,one-unseen-drug,one_unseen,gnn unweighted,gnn,none,0.0,21-100,24,20,325,0.0101050929668552,0.0084882780921584,0.5862266254622376,0.6703449293523664,0.7171898496240602,0.5076923076923077
cold1,one-unseen-drug,one_unseen,gnn unweighted,gnn,none,0.0,>100,46,46,31663,0.9844847957216591,0.9908276848454698,0.6442507616984288,0.6354134253360878,0.7292280925653565,0.7007864068471086
cold1,two-unseen-drug,two_unseen,gnn unweighted,gnn,none,0.0,0 (absent from train),2,1,20,0.0094073377234242,0.0,0.0,0.0,0.0,0.0
cold1,two-unseen-drug,two_unseen,gnn unweighted,gnn,none,0.0,1-20,14,0,0,0.0,0.0,,,,
cold1,two-unseen-drug,two_unseen,gnn unweighted,gnn,none,0.0,21-100,24,6,23,0.0108184383819379,0.0028222013170272,0.1333333333333333,0.1111111111111111,0.1666666666666666,0.0869565217391304
cold1,two-unseen-drug,two_unseen,gnn unweighted,gnn,none,0.0,>100,46,35,2083,0.979774223894638,0.9971777986829728,0.3289385790123459,0.3240442139836552,0.4558340530155783,0.4863178108497359
cold2,one-unseen-drug,one_unseen,XGBoost (ordered fp),xgb,none,0.0,0 (absent from train),3,2,65,0.0020634265578870514,0.0,0.0,0.0,0.0,0.0
cold2,one-unseen-drug,one_unseen,XGBoost (ordered fp),xgb,none,0.0,1-20,14,12,21,0.000666645503317355,0.00044443033554490333,0.44642857142857145,0.4236111111111111,0.5,0.47619047619047616
cold2,one-unseen-drug,one_unseen,XGBoost (ordered fp),xgb,none,0.0,21-100,21,19,308,0.009777467381987873,0.0047617535951239645,0.6237452794328856,0.6540035987404408,0.7374422899353649,0.30194805194805197
cold2,one-unseen-drug,one_unseen,XGBoost (ordered fp),xgb,none,0.0,>100,48,48,31107,0.9874924605568077,0.9947938160693311,0.65364685297674,0.6104225250209763,0.7677969683595899,0.6730639405921497
cold2,two-unseen-drug,two_unseen,XGBoost (ordered fp),xgb,none,0.0,0 (absent from train),3,2,7,0.003553299492385787,0.0,0.0,0.0,0.0,0.0
cold2,two-unseen-drug,two_unseen,XGBoost (ordered fp),xgb,none,0.0,1-20,14,0,0,0.0,0.0,,,,
cold2,two-unseen-drug,two_unseen,XGBoost (ordered fp),xgb,none,0.0,21-100,21,2,32,0.016243654822335026,0.0020304568527918783,0.0,0.0,0.0,0.0
cold2,two-unseen-drug,two_unseen,XGBoost (ordered fp),xgb,none,0.0,>100,48,34,1931,0.9802030456852792,0.9979695431472081,0.33798049766588917,0.30070216173455644,0.507420427648063,0.46090108751942
cold2,one-unseen-drug,one_unseen,gnn unweighted,gnn,none,0.0,0 (absent from train),3,2,65,0.0020634265578870514,0.0,0.0,0.0,0.0,0.0
cold2,one-unseen-drug,one_unseen,gnn unweighted,gnn,none,0.0,1-20,14,12,21,0.000666645503317355,0.00041268531157741023,0.5297619047619048,0.5069444444444444,0.5833333333333334,0.5238095238095238
cold2,one-unseen-drug,one_unseen,gnn unweighted,gnn,none,0.0,21-100,21,19,308,0.009777467381987873,0.004317323259579061,0.6275607565279111,0.6691183085919928,0.6867272347535505,0.3051948051948052
cold2,one-unseen-drug,one_unseen,gnn unweighted,gnn,none,0.0,>100,48,48,31107,0.9874924605568077,0.9952699914288435,0.682227515288408,0.694484830750152,0.7105363548167264,0.7237277783135628
cold2,two-unseen-drug,two_unseen,gnn unweighted,gnn,none,0.0,0 (absent from train),3,2,7,0.003553299492385787,0.0,0.0,0.0,0.0,0.0
cold2,two-unseen-drug,two_unseen,gnn unweighted,gnn,none,0.0,1-20,14,0,0,0.0,0.0005076142131979696,,,,
cold2,two-unseen-drug,two_unseen,gnn unweighted,gnn,none,0.0,21-100,21,2,32,0.016243654822335026,0.0015228426395939086,0.0,0.0,0.0,0.0
cold2,two-unseen-drug,two_unseen,gnn unweighted,gnn,none,0.0,>100,48,34,1931,0.9802030456852792,0.9979695431472081,0.3956941642434795,0.4067323260461758,0.44085744832155405,0.5002589331952356
